Rank,Name,Preview,File
1,house,"=IMAGE(""https://raw.githubusercontent.com/zezorzan/zeroheight-integration-test/main/icon-previews/001-house.png"")",001-house.png
2,rewards,"=IMAGE(""https://raw.githubusercontent.com/zezorzan/zeroheight-integration-test/main/icon-previews/002-rewards.png"")",002-rewards.png
3,calendar,"=IMAGE(""https://raw.githubusercontent.com/zezorzan/zeroheight-integration-test/main/icon-previews/003-calendar.png"")",003-calendar.png
4,nu_tag,"=IMAGE(""https://raw.githubusercontent.com/zezorzan/zeroheight-integration-test/main/icon-previews/004-nu_tag.png"")",004-nu_tag.png
5,smartphone,"=IMAGE(""https://raw.githubusercontent.com/zezorzan/zeroheight-integration-test/main/icon-previews/005-smartphone.png"")",005-smartphone.png
6,card,"=IMAGE(""https://raw.githubusercontent.com/zezorzan/zeroheight-integration-test/main/icon-previews/006-card.png"")",006-card.png
7,more_horizontal,"=IMAGE(""https://raw.githubusercontent.com/zezorzan/zeroheight-integration-test/main/icon-previews/007-more_horizontal.png"")",007-more_horizontal.png
8,microphone,"=IMAGE(""https://raw.githubusercontent.com/zezorzan/zeroheight-integration-test/main/icon-previews/008-microphone.png"")",008-microphone.png
9,visibility_on,"=IMAGE(""https://raw.githubusercontent.com/zezorzan/zeroheight-integration-test/main/icon-previews/009-visibility_on.png"")",009-visibility_on.png
10,search,"=IMAGE(""https://raw.githubusercontent.com/zezorzan/zeroheight-integration-test/main/icon-previews/010-search.png"")",010-search.png
11,money_box,"=IMAGE(""https://raw.githubusercontent.com/zezorzan/zeroheight-integration-test/main/icon-previews/011-money_box.png"")",011-money_box.png
12,airplane,"=IMAGE(""https://raw.githubusercontent.com/zezorzan/zeroheight-integration-test/main/icon-previews/012-airplane.png"")",012-airplane.png
13,crypto,"=IMAGE(""https://raw.githubusercontent.com/zezorzan/zeroheight-integration-test/main/icon-previews/013-crypto.png"")",013-crypto.png
14,portfolio,"=IMAGE(""https://raw.githubusercontent.com/zezorzan/zeroheight-integration-test/main/icon-previews/014-portfolio.png"")",014-portfolio.png
15,shopping_bag,"=IMAGE(""https://raw.githubusercontent.com/zezorzan/zeroheight-integration-test/main/icon-previews/015-shopping_bag.png"")",015-shopping_bag.png
16,money_stack,"=IMAGE(""https://raw.githubusercontent.com/zezorzan/zeroheight-integration-test/main/icon-previews/016-money_stack.png"")",016-money_stack.png
17,lending,"=IMAGE(""https://raw.githubusercontent.com/zezorzan/zeroheight-integration-test/main/icon-previews/017-lending.png"")",017-lending.png
18,bars_chart,"=IMAGE(""https://raw.githubusercontent.com/zezorzan/zeroheight-integration-test/main/icon-previews/018-bars_chart-v2.png"")",018-bars_chart-v2.png
19,pie_chart,"=IMAGE(""https://raw.githubusercontent.com/zezorzan/zeroheight-integration-test/main/icon-previews/019-pie_chart.png"")",019-pie_chart.png
20,request_money,"=IMAGE(""https://raw.githubusercontent.com/zezorzan/zeroheight-integration-test/main/icon-previews/020-request_money.png"")",020-request_money.png
21,qrcode,"=IMAGE(""https://raw.githubusercontent.com/zezorzan/zeroheight-integration-test/main/icon-previews/021-qrcode.png"")",021-qrcode.png
22,bar_code,"=IMAGE(""https://raw.githubusercontent.com/zezorzan/zeroheight-integration-test/main/icon-previews/022-bar_code.png"")",022-bar_code.png
23,help,"=IMAGE(""https://raw.githubusercontent.com/zezorzan/zeroheight-integration-test/main/icon-previews/023-help.png"")",023-help.png
24,wallet,"=IMAGE(""https://raw.githubusercontent.com/zezorzan/zeroheight-integration-test/main/icon-previews/024-wallet.png"")",024-wallet.png
25,menu,"=IMAGE(""https://raw.githubusercontent.com/zezorzan/zeroheight-integration-test/main/icon-previews/025-menu.png"")",025-menu.png
26,pix,"=IMAGE(""https://raw.githubusercontent.com/zezorzan/zeroheight-integration-test/main/icon-previews/026-pix.png"")",026-pix.png
27,calendar_scheduled,"=IMAGE(""https://raw.githubusercontent.com/zezorzan/zeroheight-integration-test/main/icon-previews/027-calendar_scheduled.png"")",027-calendar_scheduled.png
28,card_stack,"=IMAGE(""https://raw.githubusercontent.com/zezorzan/zeroheight-integration-test/main/icon-previews/028-card_stack.png"")",028-card_stack.png
29,virtual_card,"=IMAGE(""https://raw.githubusercontent.com/zezorzan/zeroheight-integration-test/main/icon-previews/029-virtual_card.png"")",029-virtual_card.png
30,bell,"=IMAGE(""https://raw.githubusercontent.com/zezorzan/zeroheight-integration-test/main/icon-previews/030-bell.png"")",030-bell.png
31,visibility_off,"=IMAGE(""https://raw.githubusercontent.com/zezorzan/zeroheight-integration-test/main/icon-previews/031-visibility_off.png"")",031-visibility_off.png
32,add,"=IMAGE(""https://raw.githubusercontent.com/zezorzan/zeroheight-integration-test/main/icon-previews/032-add.png"")",032-add.png
33,arrow_back,"=IMAGE(""https://raw.githubusercontent.com/zezorzan/zeroheight-integration-test/main/icon-previews/033-arrow_back.png"")",033-arrow_back.png
34,arrow_up_right,"=IMAGE(""https://raw.githubusercontent.com/zezorzan/zeroheight-integration-test/main/icon-previews/034-arrow_up_right.png"")",034-arrow_up_right.png
35,arrows_towards_each_other,"=IMAGE(""https://raw.githubusercontent.com/zezorzan/zeroheight-integration-test/main/icon-previews/035-arrows_towards_each_other.png"")",035-arrows_towards_each_other.png
36,chevron,"=IMAGE(""https://raw.githubusercontent.com/zezorzan/zeroheight-integration-test/main/icon-previews/036-chevron.png"")",036-chevron.png
37,cashback,"=IMAGE(""https://raw.githubusercontent.com/zezorzan/zeroheight-integration-test/main/icon-previews/037-cashback.png"")",037-cashback.png
38,horizontal_card_stack,"=IMAGE(""https://raw.githubusercontent.com/zezorzan/zeroheight-integration-test/main/icon-previews/038-horizontal_card_stack.png"")",038-horizontal_card_stack.png
39,smart_portfolio,"=IMAGE(""https://raw.githubusercontent.com/zezorzan/zeroheight-integration-test/main/icon-previews/039-smart_portfolio.png"")",039-smart_portfolio.png
40,sign,"=IMAGE(""https://raw.githubusercontent.com/zezorzan/zeroheight-integration-test/main/icon-previews/040-sign.png"")",040-sign.png
41,thumbs_up,"=IMAGE(""https://raw.githubusercontent.com/zezorzan/zeroheight-integration-test/main/icon-previews/041-thumbs_up.png"")",041-thumbs_up.png
42,pencil,"=IMAGE(""https://raw.githubusercontent.com/zezorzan/zeroheight-integration-test/main/icon-previews/042-pencil.png"")",042-pencil.png
43,triangle_up,"=IMAGE(""https://raw.githubusercontent.com/zezorzan/zeroheight-integration-test/main/icon-previews/043-triangle_up.png"")",043-triangle_up.png
44,recurring_payments,"=IMAGE(""https://raw.githubusercontent.com/zezorzan/zeroheight-integration-test/main/icon-previews/044-recurring_payments.png"")",044-recurring_payments.png
45,contactless,"=IMAGE(""https://raw.githubusercontent.com/zezorzan/zeroheight-integration-test/main/icon-previews/045-contactless.png"")",045-contactless.png
46,warning_circle,"=IMAGE(""https://raw.githubusercontent.com/zezorzan/zeroheight-integration-test/main/icon-previews/046-warning_circle.png"")",046-warning_circle.png
47,phone,"=IMAGE(""https://raw.githubusercontent.com/zezorzan/zeroheight-integration-test/main/icon-previews/047-phone.png"")",047-phone.png
48,expand_more,"=IMAGE(""https://raw.githubusercontent.com/zezorzan/zeroheight-integration-test/main/icon-previews/048-expand_more.png"")",048-expand_more.png
49,trash,"=IMAGE(""https://raw.githubusercontent.com/zezorzan/zeroheight-integration-test/main/icon-previews/049-trash.png"")",049-trash.png
50,globe,"=IMAGE(""https://raw.githubusercontent.com/zezorzan/zeroheight-integration-test/main/icon-previews/050-globe.png"")",050-globe.png
51,user_add,"=IMAGE(""https://raw.githubusercontent.com/zezorzan/zeroheight-integration-test/main/icon-previews/051-user_add.png"")",051-user_add.png
52,money_in,"=IMAGE(""https://raw.githubusercontent.com/zezorzan/zeroheight-integration-test/main/icon-previews/052-money_in.png"")",052-money_in.png
53,money_out,"=IMAGE(""https://raw.githubusercontent.com/zezorzan/zeroheight-integration-test/main/icon-previews/053-money_out.png"")",053-money_out.png
54,snowflake,"=IMAGE(""https://raw.githubusercontent.com/zezorzan/zeroheight-integration-test/main/icon-previews/054-snowflake.png"")",054-snowflake.png
55,document,"=IMAGE(""https://raw.githubusercontent.com/zezorzan/zeroheight-integration-test/main/icon-previews/055-document.png"")",055-document.png
56,dollar_sign,"=IMAGE(""https://raw.githubusercontent.com/zezorzan/zeroheight-integration-test/main/icon-previews/056-dollar_sign.png"")",056-dollar_sign.png
57,check_circle,"=IMAGE(""https://raw.githubusercontent.com/zezorzan/zeroheight-integration-test/main/icon-previews/057-check_circle.png"")",057-check_circle.png
58,copy,"=IMAGE(""https://raw.githubusercontent.com/zezorzan/zeroheight-integration-test/main/icon-previews/058-copy.png"")",058-copy.png
59,arrow_down,"=IMAGE(""https://raw.githubusercontent.com/zezorzan/zeroheight-integration-test/main/icon-previews/059-arrow_down.png"")",059-arrow_down.png
60,key,"=IMAGE(""https://raw.githubusercontent.com/zezorzan/zeroheight-integration-test/main/icon-previews/060-key.png"")",060-key.png
61,lock_open,"=IMAGE(""https://raw.githubusercontent.com/zezorzan/zeroheight-integration-test/main/icon-previews/061-lock_open.png"")",061-lock_open.png
62,check,"=IMAGE(""https://raw.githubusercontent.com/zezorzan/zeroheight-integration-test/main/icon-previews/062-check.png"")",062-check.png
63,close,"=IMAGE(""https://raw.githubusercontent.com/zezorzan/zeroheight-integration-test/main/icon-previews/063-close.png"")",063-close.png
64,lock,"=IMAGE(""https://raw.githubusercontent.com/zezorzan/zeroheight-integration-test/main/icon-previews/064-lock.png"")",064-lock.png
65,warning,"=IMAGE(""https://raw.githubusercontent.com/zezorzan/zeroheight-integration-test/main/icon-previews/065-warning.png"")",065-warning.png
66,calendar_overdue,"=IMAGE(""https://raw.githubusercontent.com/zezorzan/zeroheight-integration-test/main/icon-previews/066-calendar_overdue.png"")",066-calendar_overdue.png
67,advance_installments,"=IMAGE(""https://raw.githubusercontent.com/zezorzan/zeroheight-integration-test/main/icon-previews/067-advance_installments.png"")",067-advance_installments.png
68,arrows_up_down,"=IMAGE(""https://raw.githubusercontent.com/zezorzan/zeroheight-integration-test/main/icon-previews/068-arrows_up_down.png"")",068-arrows_up_down.png
69,briefcase,"=IMAGE(""https://raw.githubusercontent.com/zezorzan/zeroheight-integration-test/main/icon-previews/069-briefcase.png"")",069-briefcase.png
70,camera,"=IMAGE(""https://raw.githubusercontent.com/zezorzan/zeroheight-integration-test/main/icon-previews/070-camera.png"")",070-camera.png
71,card_given,"=IMAGE(""https://raw.githubusercontent.com/zezorzan/zeroheight-integration-test/main/icon-previews/071-card_given.png"")",071-card_given.png
72,clock,"=IMAGE(""https://raw.githubusercontent.com/zezorzan/zeroheight-integration-test/main/icon-previews/072-clock.png"")",072-clock.png
73,contacts,"=IMAGE(""https://raw.githubusercontent.com/zezorzan/zeroheight-integration-test/main/icon-previews/073-contacts.png"")",073-contacts.png
74,credit_letter,"=IMAGE(""https://raw.githubusercontent.com/zezorzan/zeroheight-integration-test/main/icon-previews/074-credit_letter.png"")",074-credit_letter.png
75,download,"=IMAGE(""https://raw.githubusercontent.com/zezorzan/zeroheight-integration-test/main/icon-previews/075-download.png"")",075-download.png
76,email,"=IMAGE(""https://raw.githubusercontent.com/zezorzan/zeroheight-integration-test/main/icon-previews/076-email.png"")",076-email.png
77,expand_less,"=IMAGE(""https://raw.githubusercontent.com/zezorzan/zeroheight-integration-test/main/icon-previews/077-expand_less.png"")",077-expand_less.png
78,headset,"=IMAGE(""https://raw.githubusercontent.com/zezorzan/zeroheight-integration-test/main/icon-previews/078-headset.png"")",078-headset.png
79,hourglass,"=IMAGE(""https://raw.githubusercontent.com/zezorzan/zeroheight-integration-test/main/icon-previews/079-hourglass.png"")",079-hourglass.png
80,image_add,"=IMAGE(""https://raw.githubusercontent.com/zezorzan/zeroheight-integration-test/main/icon-previews/080-image_add.png"")",080-image_add.png
81,location,"=IMAGE(""https://raw.githubusercontent.com/zezorzan/zeroheight-integration-test/main/icon-previews/081-location.png"")",081-location.png
82,modes,"=IMAGE(""https://raw.githubusercontent.com/zezorzan/zeroheight-integration-test/main/icon-previews/082-modes.png"")",082-modes.png
83,money,"=IMAGE(""https://raw.githubusercontent.com/zezorzan/zeroheight-integration-test/main/icon-previews/083-money.png"")",083-money.png
84,money_self_transfer,"=IMAGE(""https://raw.githubusercontent.com/zezorzan/zeroheight-integration-test/main/icon-previews/084-money_self_transfer.png"")",084-money_self_transfer.png
85,moon,"=IMAGE(""https://raw.githubusercontent.com/zezorzan/zeroheight-integration-test/main/icon-previews/085-moon.png"")",085-moon.png
86,nucoin,"=IMAGE(""https://raw.githubusercontent.com/zezorzan/zeroheight-integration-test/main/icon-previews/086-nucoin.png"")",086-nucoin.png
87,phone,"=IMAGE(""https://raw.githubusercontent.com/zezorzan/zeroheight-integration-test/main/icon-previews/087-phone.png"")",087-phone.png
88,pig_auto,"=IMAGE(""https://raw.githubusercontent.com/zezorzan/zeroheight-integration-test/main/icon-previews/088-pig_auto.png"")",088-pig_auto.png
89,pig_in,"=IMAGE(""https://raw.githubusercontent.com/zezorzan/zeroheight-integration-test/main/icon-previews/089-pig_in.png"")",089-pig_in.png
90,pig_locked,"=IMAGE(""https://raw.githubusercontent.com/zezorzan/zeroheight-integration-test/main/icon-previews/090-pig_locked.png"")",090-pig_locked.png
91,pig_out,"=IMAGE(""https://raw.githubusercontent.com/zezorzan/zeroheight-integration-test/main/icon-previews/091-pig_out.png"")",091-pig_out.png
92,remove,"=IMAGE(""https://raw.githubusercontent.com/zezorzan/zeroheight-integration-test/main/icon-previews/092-remove.png"")",092-remove.png
93,score,"=IMAGE(""https://raw.githubusercontent.com/zezorzan/zeroheight-integration-test/main/icon-previews/093-score.png"")",093-score.png
94,sentiment_satisfied,"=IMAGE(""https://raw.githubusercontent.com/zezorzan/zeroheight-integration-test/main/icon-previews/094-sentiment_satisfied.png"")",094-sentiment_satisfied.png
95,shared_physical_card,"=IMAGE(""https://raw.githubusercontent.com/zezorzan/zeroheight-integration-test/main/icon-previews/095-shared_physical_card.png"")",095-shared_physical_card.png
96,shield,"=IMAGE(""https://raw.githubusercontent.com/zezorzan/zeroheight-integration-test/main/icon-previews/096-shield.png"")",096-shield.png
97,shield_check,"=IMAGE(""https://raw.githubusercontent.com/zezorzan/zeroheight-integration-test/main/icon-previews/097-shield_check.png"")",097-shield_check.png
98,sparkle,"=IMAGE(""https://raw.githubusercontent.com/zezorzan/zeroheight-integration-test/main/icon-previews/098-sparkle.png"")",098-sparkle.png
99,spinner,"=IMAGE(""https://raw.githubusercontent.com/zezorzan/zeroheight-integration-test/main/icon-previews/099-spinner.png"")",099-spinner.png
100,star,"=IMAGE(""https://raw.githubusercontent.com/zezorzan/zeroheight-integration-test/main/icon-previews/100-star.png"")",100-star.png
101,sun,"=IMAGE(""https://raw.githubusercontent.com/zezorzan/zeroheight-integration-test/main/icon-previews/101-sun.png"")",101-sun.png
102,truck,"=IMAGE(""https://raw.githubusercontent.com/zezorzan/zeroheight-integration-test/main/icon-previews/102-truck.png"")",102-truck.png
103,undo,"=IMAGE(""https://raw.githubusercontent.com/zezorzan/zeroheight-integration-test/main/icon-previews/103-undo.png"")",103-undo.png
104,unfold_more,"=IMAGE(""https://raw.githubusercontent.com/zezorzan/zeroheight-integration-test/main/icon-previews/104-unfold_more.png"")",104-unfold_more.png
105,user_arrow_up,"=IMAGE(""https://raw.githubusercontent.com/zezorzan/zeroheight-integration-test/main/icon-previews/105-user_arrow_up.png"")",105-user_arrow_up.png
106,block,"=IMAGE(""https://raw.githubusercontent.com/zezorzan/zeroheight-integration-test/main/icon-previews/106-block.png"")",106-block.png
107,money_add,"=IMAGE(""https://raw.githubusercontent.com/zezorzan/zeroheight-integration-test/main/icon-previews/107-money_add.png"")",107-money_add.png
108,chat,"=IMAGE(""https://raw.githubusercontent.com/zezorzan/zeroheight-integration-test/main/icon-previews/108-chat.png"")",108-chat.png
109,line_chart,"=IMAGE(""https://raw.githubusercontent.com/zezorzan/zeroheight-integration-test/main/icon-previews/109-line_chart.png"")",109-line_chart.png
110,target,"=IMAGE(""https://raw.githubusercontent.com/zezorzan/zeroheight-integration-test/main/icon-previews/110-target.png"")",110-target.png
111,bolt,"=IMAGE(""https://raw.githubusercontent.com/zezorzan/zeroheight-integration-test/main/icon-previews/111-bolt.png"")",111-bolt.png
112,link,"=IMAGE(""https://raw.githubusercontent.com/zezorzan/zeroheight-integration-test/main/icon-previews/112-link.png"")",112-link.png
113,yield,"=IMAGE(""https://raw.githubusercontent.com/zezorzan/zeroheight-integration-test/main/icon-previews/113-yield.png"")",113-yield.png
114,arrow_right,"=IMAGE(""https://raw.githubusercontent.com/zezorzan/zeroheight-integration-test/main/icon-previews/114-arrow_right.png"")",114-arrow_right.png
115,share_ios,"=IMAGE(""https://raw.githubusercontent.com/zezorzan/zeroheight-integration-test/main/icon-previews/115-share_ios.png"")",115-share_ios.png
116,arrow_up,"=IMAGE(""https://raw.githubusercontent.com/zezorzan/zeroheight-integration-test/main/icon-previews/116-arrow_up.png"")",116-arrow_up.png
117,arrow_left,"=IMAGE(""https://raw.githubusercontent.com/zezorzan/zeroheight-integration-test/main/icon-previews/117-arrow_left.png"")",117-arrow_left.png
118,Low,"=IMAGE(""https://raw.githubusercontent.com/zezorzan/zeroheight-integration-test/main/icon-previews/118-low.png"")",118-low.png
119,bank,"=IMAGE(""https://raw.githubusercontent.com/zezorzan/zeroheight-integration-test/main/icon-previews/119-bank.png"")",119-bank.png
120,receipt,"=IMAGE(""https://raw.githubusercontent.com/zezorzan/zeroheight-integration-test/main/icon-previews/120-receipt.png"")",120-receipt.png
121,clock_24h,"=IMAGE(""https://raw.githubusercontent.com/zezorzan/zeroheight-integration-test/main/icon-previews/121-clock_24h.png"")",121-clock_24h.png
122,user_id,"=IMAGE(""https://raw.githubusercontent.com/zezorzan/zeroheight-integration-test/main/icon-previews/122-user_id.png"")",122-user_id.png
123,horizontal_card_blocked,"=IMAGE(""https://raw.githubusercontent.com/zezorzan/zeroheight-integration-test/main/icon-previews/123-horizontal_card_blocked.png"")",123-horizontal_card_blocked.png
124,expiring_card,"=IMAGE(""https://raw.githubusercontent.com/zezorzan/zeroheight-integration-test/main/icon-previews/124-expiring_card.png"")",124-expiring_card.png
125,close_circle,"=IMAGE(""https://raw.githubusercontent.com/zezorzan/zeroheight-integration-test/main/icon-previews/125-close_circle.png"")",125-close_circle.png
126,heart,"=IMAGE(""https://raw.githubusercontent.com/zezorzan/zeroheight-integration-test/main/icon-previews/126-heart-v2.png"")",126-heart-v2.png
127,history,"=IMAGE(""https://raw.githubusercontent.com/zezorzan/zeroheight-integration-test/main/icon-previews/127-history.png"")",127-history.png
128,fingerprint,"=IMAGE(""https://raw.githubusercontent.com/zezorzan/zeroheight-integration-test/main/icon-previews/128-fingerprint.png"")",128-fingerprint.png
129,settings,"=IMAGE(""https://raw.githubusercontent.com/zezorzan/zeroheight-integration-test/main/icon-previews/129-settings.png"")",129-settings.png
130,user,"=IMAGE(""https://raw.githubusercontent.com/zezorzan/zeroheight-integration-test/main/icon-previews/130-user.png"")",130-user.png
131,horizontal_card_collateral,"=IMAGE(""https://raw.githubusercontent.com/zezorzan/zeroheight-integration-test/main/icon-previews/131-horizontal_card_collateral.png"")",131-horizontal_card_collateral.png
132,refund,"=IMAGE(""https://raw.githubusercontent.com/zezorzan/zeroheight-integration-test/main/icon-previews/132-refund.png"")",132-refund.png
133,group,"=IMAGE(""https://raw.githubusercontent.com/zezorzan/zeroheight-integration-test/main/icon-previews/133-group.png"")",133-group.png
134,users_kid_adult,"=IMAGE(""https://raw.githubusercontent.com/zezorzan/zeroheight-integration-test/main/icon-previews/134-users_kid_adult.png"")",134-users_kid_adult.png
135,store,"=IMAGE(""https://raw.githubusercontent.com/zezorzan/zeroheight-integration-test/main/icon-previews/135-store.png"")",135-store.png
136,open_finance,"=IMAGE(""https://raw.githubusercontent.com/zezorzan/zeroheight-integration-test/main/icon-previews/136-open_finance.png"")",136-open_finance.png
137,umbrella,"=IMAGE(""https://raw.githubusercontent.com/zezorzan/zeroheight-integration-test/main/icon-previews/137-umbrella.png"")",137-umbrella.png
138,list,"=IMAGE(""https://raw.githubusercontent.com/zezorzan/zeroheight-integration-test/main/icon-previews/138-list.png"")",138-list.png
139,tune,"=IMAGE(""https://raw.githubusercontent.com/zezorzan/zeroheight-integration-test/main/icon-previews/139-tune.png"")",139-tune.png
