#,Status,Name,Preview,Filled,Animated,Category,Creative Freedom,Brief,Keywords,FigmaPath,Style,NodeId,File
140,To Do,bar_code_search,"=IMAGE(""https://raw.githubusercontent.com/zezorzan/zeroheight-integration-test/main/icon-previews-remaining/140-bar_code_search.png"")",FALSE,FALSE,Financial,,,"barcode, search, find, payment, boleto, buscados, localizar, pagamento, DDA",outlined/financial/other/bar_code_search,outlined,147:1808,140-bar_code_search.png
141,To Do,car,"=IMAGE(""https://raw.githubusercontent.com/zezorzan/zeroheight-integration-test/main/icon-previews-remaining/141-car.png"")",FALSE,FALSE,Objects,,,"transport, vehicle, short",outlined/objects/transport/car,outlined,147:1727,141-car.png
142,To Do,calculator,"=IMAGE(""https://raw.githubusercontent.com/zezorzan/zeroheight-integration-test/main/icon-previews-remaining/142-calculator.png"")",FALSE,FALSE,Financial,,,"balance, simulate, simulation, test, try, calculate, math",outlined/financial/other/calculator,outlined,147:1985,142-calculator.png
143,To Do,sort,"=IMAGE(""https://raw.githubusercontent.com/zezorzan/zeroheight-integration-test/main/icon-previews-remaining/143-sort.png"")",FALSE,FALSE,UI Actions,,,"filter, funnel",outlined/ui actions/common actions/sort,outlined,147:1573,143-sort.png
144,To Do,private_banker,"=IMAGE(""https://raw.githubusercontent.com/zezorzan/zeroheight-integration-test/main/icon-previews-remaining/144-private_banker.png"")",TRUE,FALSE,Products,,,"private banker, pb, private, lila",filled/products/private_banker,filled,9971:2319,144-private_banker.png
145,To Do,sentiment_very_satisfied,"=IMAGE(""https://raw.githubusercontent.com/zezorzan/zeroheight-integration-test/main/icon-previews-remaining/145-sentiment_very_satisfied.png"")",FALSE,FALSE,Actions,,,"emoji, smiley, emotion, face, happy, smile, lauch, amazed, joyful, overjoyed",outlined/actions/feedbacks/sentiment_very_satisfied,outlined,147:1567,145-sentiment_very_satisfied.png
146,To Do,attachment,"=IMAGE(""https://raw.githubusercontent.com/zezorzan/zeroheight-integration-test/main/icon-previews-remaining/146-attachment.png"")",FALSE,FALSE,UI Actions,,,"file, office, clip, anexo",outlined/ui actions/common actions/attachment,outlined,147:1549,146-attachment.png
147,To Do,user_inside,"=IMAGE(""https://raw.githubusercontent.com/zezorzan/zeroheight-integration-test/main/icon-previews-remaining/147-user_inside.png"")",FALSE,FALSE,Objects,,,"modo rua, house, home, person",outlined/objects/security/user_inside,outlined,147:1715,147-user_inside.png
148,To Do,sunset,"=IMAGE(""https://raw.githubusercontent.com/zezorzan/zeroheight-integration-test/main/icon-previews-remaining/148-sunset.png"")",FALSE,FALSE,Objects,,,"sunset, afternoon, twilight, nightfall, fim do dia, tarde, crepúsculo, sundown, golden hour",outlined/objects/time/sunset,outlined,23573:2055,148-sunset.png
149,To Do,locker,"=IMAGE(""https://raw.githubusercontent.com/zezorzan/zeroheight-integration-test/main/icon-previews-remaining/149-locker.png"")",FALSE,FALSE,Categories,,,"security, segurança, seguridad, armario, almacenamiento, armazenamento",outlined/categories/travel/locker,outlined,7791:2322,149-locker.png
150,To Do,test_tube,"=IMAGE(""https://raw.githubusercontent.com/zezorzan/zeroheight-integration-test/main/icon-previews-remaining/150-test_tube.png"")",FALSE,FALSE,Objects,,,"tube, test, blood, lab",outlined/objects/health/test_tube,outlined,147:1841,150-test_tube.png
151,To Do,phone_down,"=IMAGE(""https://raw.githubusercontent.com/zezorzan/zeroheight-integration-test/main/icon-previews-remaining/151-phone_down.png"")",FALSE,FALSE,System,,,"call, end, hang up, hang off",outlined/system/phone_down,outlined,147:1664,151-phone_down.png
152,To Do,buildings,"=IMAGE(""https://raw.githubusercontent.com/zezorzan/zeroheight-integration-test/main/icon-previews-remaining/152-buildings.png"")",FALSE,FALSE,Objects,,,"office, city, flat, neighborhood, imóvel, real estate, investimento, imobiliário, fiis, fii, fundo, equities, equity",outlined/objects/building/buildings,outlined,147:1682,152-buildings.png
153,To Do,water,"=IMAGE(""https://raw.githubusercontent.com/zezorzan/zeroheight-integration-test/main/icon-previews-remaining/153-water.png"")",FALSE,FALSE,Categories,,,"bill, drop, moist",outlined/categories/transactions/water,outlined,147:2067,153-water.png
154,To Do,lightbulb,"=IMAGE(""https://raw.githubusercontent.com/zezorzan/zeroheight-integration-test/main/icon-previews-remaining/154-lightbulb.png"")",FALSE,FALSE,Categories,,,"idea, lamp, electricity, bill",outlined/categories/transactions/lightbulb,outlined,147:2069,154-lightbulb.png
155,To Do,christ_the_redeemer,"=IMAGE(""https://raw.githubusercontent.com/zezorzan/zeroheight-integration-test/main/icon-previews-remaining/155-christ_the_redeemer.png"")",FALSE,FALSE,Categories,,,"tourism, turismo, brasil, brazil, monumento, paisaje",outlined/categories/travel/christ_the_redeemer,outlined,7791:2314,155-christ_the_redeemer.png
156,To Do,business,"=IMAGE(""https://raw.githubusercontent.com/zezorzan/zeroheight-integration-test/main/icon-previews-remaining/156-business.png"")",FALSE,FALSE,Objects,,,"business, conta pj, bussiness account",outlined/objects/building/business,outlined,14930:2581,156-business.png
157,To Do,user_email,"=IMAGE(""https://raw.githubusercontent.com/zezorzan/zeroheight-integration-test/main/icon-previews-remaining/157-user_email.png"")",FALSE,FALSE,Human,,,"person, avatar, profile, message, letter, invitation, invite, mail, mgm",outlined/human/user_email,outlined,147:1748,157-user_email.png
158,To Do,trophy,"=IMAGE(""https://raw.githubusercontent.com/zezorzan/zeroheight-integration-test/main/icon-previews-remaining/158-trophy.png"")",FALSE,FALSE,Objects,,,"prize, award, success, gift, champion, competition, winner, sports, achievement, reward",outlined/objects/other/trophy,outlined,147:1754,158-trophy.png
159,To Do,car_settings,"=IMAGE(""https://raw.githubusercontent.com/zezorzan/zeroheight-integration-test/main/icon-previews-remaining/159-car_settings.png"")",FALSE,FALSE,Objects,,,"transport, vehicle, short, cog, adjustments, configuration, nut",outlined/objects/transport/car_settings,outlined,147:1796,159-car_settings.png
160,To Do,ribbon,"=IMAGE(""https://raw.githubusercontent.com/zezorzan/zeroheight-integration-test/main/icon-previews-remaining/160-ribbon.png"")",FALSE,FALSE,Objects,,,"ribbon, death, reminder",outlined/objects/health/ribbon,outlined,147:1844,160-ribbon.png
161,To Do,bus,"=IMAGE(""https://raw.githubusercontent.com/zezorzan/zeroheight-integration-test/main/icon-previews-remaining/161-bus.png"")",FALSE,FALSE,Objects,,,"ônibus, transport, travel, veículo, vehicle, big, tall",outlined/objects/transport/bus,outlined,147:1694,161-bus.png
162,To Do,paw,"=IMAGE(""https://raw.githubusercontent.com/zezorzan/zeroheight-integration-test/main/icon-previews-remaining/162-paw.png"")",FALSE,FALSE,Categories,,,"pets, cats, dogs, animais, estimação",outlined/categories/transactions/paw,outlined,147:2073,162-paw.png
163,To Do,popcorn,"=IMAGE(""https://raw.githubusercontent.com/zezorzan/zeroheight-integration-test/main/icon-previews-remaining/163-popcorn.png"")",FALSE,FALSE,Categories,,,"movie, cinema, cine, palomitas, snack, filme, pipoca",outlined/categories/travel/popcorn,outlined,7791:2328,163-popcorn.png
164,To Do,nu-id,"=IMAGE(""https://raw.githubusercontent.com/zezorzan/zeroheight-integration-test/main/icon-previews-remaining/164-nu-id.png"")",FALSE,FALSE,Financial,,,,outlined/financial/other/nu-id,outlined,26998:2189,164-nu-id.png
165,To Do,drag_arrows,"=IMAGE(""https://raw.githubusercontent.com/zezorzan/zeroheight-integration-test/main/icon-previews-remaining/165-drag_arrows.png"")",FALSE,FALSE,UI Actions,,,"open, expand, more, chevron, show",outlined/ui actions/common actions/drag_arrows,outlined,26749:2091,165-drag_arrows.png
166,To Do,horizontal_card_transfer_limits,"=IMAGE(""https://raw.githubusercontent.com/zezorzan/zeroheight-integration-test/main/icon-previews-remaining/166-horizontal_card_transfer_limits.png"")",FALSE,FALSE,Financial,,,"cartão, roxinho, moradita, tarjeta, arrows",outlined/financial/cards/horizontal_card_transfer_limits,outlined,147:2006,166-horizontal_card_transfer_limits.png
167,To Do,toll,"=IMAGE(""https://raw.githubusercontent.com/zezorzan/zeroheight-integration-test/main/icon-previews-remaining/167-toll.png"")",FALSE,FALSE,Objects,,,"car, parking lot, ticket gate, vehicle",outlined/objects/transport/toll,outlined,147:1697,167-toll.png
168,To Do,placeholder,"=IMAGE(""https://raw.githubusercontent.com/zezorzan/zeroheight-integration-test/main/icon-previews-remaining/168-placeholder.png"")",FALSE,FALSE,Actions,,,"dotted, square, empty",outlined/actions/common actions/placeholder,outlined,147:1817,168-placeholder.png
169,To Do,passport,"=IMAGE(""https://raw.githubusercontent.com/zezorzan/zeroheight-integration-test/main/icon-previews-remaining/169-passport.png"")",FALSE,FALSE,Categories,,,"document, documento, pasaporte, identidad, viaje",outlined/categories/travel/passport,outlined,7791:2324,169-passport.png
170,To Do,refinance,"=IMAGE(""https://raw.githubusercontent.com/zezorzan/zeroheight-integration-test/main/icon-previews-remaining/170-refinance.png"")",FALSE,FALSE,Financial,,,"update, refresh, reload, change, exchange, rotate, rotation, arrow, money, dollar, sign",outlined/financial/other/refinance,outlined,147:1994,170-refinance.png
171,To Do,money_heart,"=IMAGE(""https://raw.githubusercontent.com/zezorzan/zeroheight-integration-test/main/icon-previews-remaining/171-money_heart.png"")",FALSE,FALSE,Financial,,,"money, finances, financial health",outlined/financial/other/money_heart,outlined,20350:2089,171-money_heart.png
172,To Do,video_off,"=IMAGE(""https://raw.githubusercontent.com/zezorzan/zeroheight-integration-test/main/icon-previews-remaining/172-video_off.png"")",FALSE,FALSE,System,,,"camera, recording, slash",outlined/system/video_off,outlined,147:1660,172-video_off.png
173,To Do,running_shoes,"=IMAGE(""https://raw.githubusercontent.com/zezorzan/zeroheight-integration-test/main/icon-previews-remaining/173-running_shoes.png"")",FALSE,FALSE,Categories,,,"sport, esporte, deporte, zapatillas, fitness, corrida, exercicio, tênis, pé, quick",outlined/categories/travel/running_shoes,outlined,7791:2330,173-running_shoes.png
174,To Do,money_protected,"=IMAGE(""https://raw.githubusercontent.com/zezorzan/zeroheight-integration-test/main/icon-previews-remaining/174-money_protected.png"")",FALSE,FALSE,Objects,,,"cdb, fixed income, money protection, security, trustworthy, renda fixa, fgc",outlined/objects/security/money_protected,outlined,6258:1764,174-money_protected.png
175,To Do,elevator,"=IMAGE(""https://raw.githubusercontent.com/zezorzan/zeroheight-integration-test/main/icon-previews-remaining/175-elevator.png"")",FALSE,FALSE,Categories,,,"accessibility, building, floor",outlined/categories/travel/elevator,outlined,147:2151,175-elevator.png
176,To Do,microphone_off,"=IMAGE(""https://raw.githubusercontent.com/zezorzan/zeroheight-integration-test/main/icon-previews-remaining/176-microphone_off.png"")",FALSE,FALSE,System,,,"voice, off, closed, slash, mute",outlined/system/microphone_off,outlined,147:1656,176-microphone_off.png
177,To Do,global_physical_card,"=IMAGE(""https://raw.githubusercontent.com/zezorzan/zeroheight-integration-test/main/icon-previews-remaining/177-global_physical_card.png"")",FALSE,FALSE,Financial,,,"cartão, roxinho, global, vertical, físico",outlined/financial/cards/global_physical_card,outlined,147:2027,177-global_physical_card.png
178,To Do,meal,"=IMAGE(""https://raw.githubusercontent.com/zezorzan/zeroheight-integration-test/main/icon-previews-remaining/178-meal.png"")",FALSE,FALSE,Categories,,,"fork, knife, food, voucher, restaurant, cutlery",outlined/categories/transactions/meal,outlined,147:2079,178-meal.png
179,To Do,soccer_ball,"=IMAGE(""https://raw.githubusercontent.com/zezorzan/zeroheight-integration-test/main/icon-previews-remaining/179-soccer_ball.png"")",FALSE,FALSE,Objects,,,"football, futebol, world cup, copa do mundo, sports",outlined/objects/other/soccer_ball,outlined,147:1706,179-soccer_ball.png
180,To Do,blender,"=IMAGE(""https://raw.githubusercontent.com/zezorzan/zeroheight-integration-test/main/icon-previews-remaining/180-blender.png"")",FALSE,FALSE,Categories,,,"kitchen, appliance, food",outlined/categories/travel/blender,outlined,4635:1700,180-blender.png
181,To Do,triangle_down,"=IMAGE(""https://raw.githubusercontent.com/zezorzan/zeroheight-integration-test/main/icon-previews-remaining/181-triangle_down.png"")",TRUE,FALSE,Actions,,,"yield, attention, critical, investment, crypto, money box",filled/actions/common actions/triangle_down,filled,147:1814,181-triangle_down.png
182,To Do,dishwasher,"=IMAGE(""https://raw.githubusercontent.com/zezorzan/zeroheight-integration-test/main/icon-previews-remaining/182-dishwasher.png"")",FALSE,FALSE,Categories,,,"kitchen, appliance, cleaning, cutlery",outlined/categories/travel/dishwasher,outlined,147:2148,182-dishwasher.png
183,To Do,leaf,"=IMAGE(""https://raw.githubusercontent.com/zezorzan/zeroheight-integration-test/main/icon-previews-remaining/183-leaf.png"")",FALSE,FALSE,Objects,,,leaf,outlined/objects/other/leaf,outlined,15375:2578,183-leaf.png
184,To Do,armchair,"=IMAGE(""https://raw.githubusercontent.com/zezorzan/zeroheight-integration-test/main/icon-previews-remaining/184-armchair.png"")",FALSE,FALSE,Objects,,,"chair, furniture, home",outlined/objects/other/armchair,outlined,147:1642,184-armchair.png
185,To Do,fan,"=IMAGE(""https://raw.githubusercontent.com/zezorzan/zeroheight-integration-test/main/icon-previews-remaining/185-fan.png"")",FALSE,FALSE,Categories,,,"airflow, ventilation, cooling, heat",outlined/categories/travel/fan,outlined,147:2133,185-fan.png
186,To Do,youtube,"=IMAGE(""https://raw.githubusercontent.com/zezorzan/zeroheight-integration-test/main/icon-previews-remaining/186-youtube.png"")",FALSE,FALSE,Social,,,"network, social media, video, google, shorts",outlined/social/youtube,outlined,147:1473,186-youtube.png
187,To Do,card_shield,"=IMAGE(""https://raw.githubusercontent.com/zezorzan/zeroheight-integration-test/main/icon-previews-remaining/187-card_shield.png"")",FALSE,FALSE,Financial,,,"card, roxinho, vertical, shield, insurance, secure, safe, protect, safety",outlined/financial/cards/card_shield,outlined,188:1198,187-card_shield.png
188,To Do,gem,"=IMAGE(""https://raw.githubusercontent.com/zezorzan/zeroheight-integration-test/main/icon-previews-remaining/188-gem.png"")",FALSE,FALSE,Financial,,,"pedacinho, crystal, jewel, geo",outlined/financial/other/gem,outlined,147:1959,188-gem.png
189,To Do,flag,"=IMAGE(""https://raw.githubusercontent.com/zezorzan/zeroheight-integration-test/main/icon-previews-remaining/189-flag.png"")",FALSE,FALSE,Objects,,,"priority, attention, warning, importance, important, red flag",outlined/objects/security/flag,outlined,147:1751,189-flag.png
190,To Do,first_aid,"=IMAGE(""https://raw.githubusercontent.com/zezorzan/zeroheight-integration-test/main/icon-previews-remaining/190-first_aid.png"")",FALSE,FALSE,Categories,,,"briefcase, kit, medical, emergency, medicine",outlined/categories/travel/first_aid,outlined,147:2163,190-first_aid.png
191,To Do,home_temporary,"=IMAGE(""https://raw.githubusercontent.com/zezorzan/zeroheight-integration-test/main/icon-previews-remaining/191-home_temporary.png"")",FALSE,FALSE,Objects,,,"insurance, coverage, house, temporary, time, clock, casa",outlined/objects/building/home_temporary,outlined,147:1778,191-home_temporary.png
192,To Do,phone_outgoing,"=IMAGE(""https://raw.githubusercontent.com/zezorzan/zeroheight-integration-test/main/icon-previews-remaining/192-phone_outgoing.png"")",FALSE,FALSE,System,,,"phone, ligação, quero ligar, call, make a call, outgoing",outlined/system/phone_outgoing,outlined,147:1832,192-phone_outgoing.png
193,To Do,anticipate_installments,"=IMAGE(""https://raw.githubusercontent.com/zezorzan/zeroheight-integration-test/main/icon-previews-remaining/193-anticipate_installments.png"")",FALSE,FALSE,Financial,,,"rewind, past, steps, back",outlined/financial/other/anticipate_installments,outlined,147:1925,193-anticipate_installments.png
194,To Do,linkedin,"=IMAGE(""https://raw.githubusercontent.com/zezorzan/zeroheight-integration-test/main/icon-previews-remaining/194-linkedin.png"")",FALSE,FALSE,Social,,,"network, social media, curriculum, resume",outlined/social/linkedin,outlined,147:1477,194-linkedin.png
195,To Do,lifestyle,"=IMAGE(""https://raw.githubusercontent.com/zezorzan/zeroheight-integration-test/main/icon-previews-remaining/195-lifestyle.png"")",FALSE,FALSE,Products,,,"lifestyle, travels, flight, shopping",outlined/products/lifestyle,outlined,7266:1734,195-lifestyle.png
196,To Do,shopping_cart,"=IMAGE(""https://raw.githubusercontent.com/zezorzan/zeroheight-integration-test/main/icon-previews-remaining/196-shopping_cart.png"")",FALSE,FALSE,Categories,,,"buy, carrinho, supermarket",outlined/categories/transactions/shopping_cart,outlined,147:2056,196-shopping_cart.png
197,To Do,refresh,"=IMAGE(""https://raw.githubusercontent.com/zezorzan/zeroheight-integration-test/main/icon-previews-remaining/197-refresh.png"")",FALSE,FALSE,UI Actions,,,"reload, rotate, rotation, arrow, loop, try again, retry, replay",outlined/ui actions/common actions/refresh,outlined,147:1601,197-refresh.png
198,To Do,drink,"=IMAGE(""https://raw.githubusercontent.com/zezorzan/zeroheight-integration-test/main/icon-previews-remaining/198-drink.png"")",FALSE,FALSE,Categories,,,"cocktail, bar, martini, party, beverage, cosmopolitan",outlined/categories/travel/drink,outlined,147:2097,198-drink.png
199,To Do,overdraft,"=IMAGE(""https://raw.githubusercontent.com/zezorzan/zeroheight-integration-test/main/icon-previews-remaining/199-overdraft.png"")",FALSE,FALSE,Products,,,"money, lending, borrow, limit",outlined/products/overdraft,outlined,13341:2582,199-overdraft.png
200,To Do,refund_temporary,"=IMAGE(""https://raw.githubusercontent.com/zezorzan/zeroheight-integration-test/main/icon-previews-remaining/200-refund_temporary.png"")",FALSE,FALSE,Financial,,,"refund, reimbursement, trusted deposit, chargeback",outlined/financial/other/refund_temporary,outlined,147:2024,200-refund_temporary.png
201,To Do,change_contract,"=IMAGE(""https://raw.githubusercontent.com/zezorzan/zeroheight-integration-test/main/icon-previews-remaining/201-change_contract.png"")",FALSE,FALSE,Objects,,,"paper, file, terms, contract, portability, change",outlined/objects/other/change_contract,outlined,147:1859,201-change_contract.png
202,To Do,nucoin_level2,"=IMAGE(""https://raw.githubusercontent.com/zezorzan/zeroheight-integration-test/main/icon-previews-remaining/202-nucoin_level2.png"")",FALSE,FALSE,Products,,,"nucoin, level, loyalty",outlined/products/nucoin_level2,outlined,25206:2086,202-nucoin_level2.png
203,To Do,divide,"=IMAGE(""https://raw.githubusercontent.com/zezorzan/zeroheight-integration-test/main/icon-previews-remaining/203-divide.png"")",FALSE,FALSE,Actions,,,"division, defer, split, break",outlined/actions/common actions/divide,outlined,147:1644,203-divide.png
204,To Do,user_inside_off,"=IMAGE(""https://raw.githubusercontent.com/zezorzan/zeroheight-integration-test/main/icon-previews-remaining/204-user_inside_off.png"")",FALSE,FALSE,Objects,,,"modo rua, house, home, person",outlined/objects/security/user_inside_off,outlined,147:1718,204-user_inside_off.png
205,To Do,torii,"=IMAGE(""https://raw.githubusercontent.com/zezorzan/zeroheight-integration-test/main/icon-previews-remaining/205-torii.png"")",FALSE,FALSE,Categories,,,"japan, japão, japón, templo, espiritualidade",outlined/categories/travel/torii,outlined,7791:2344,205-torii.png
207,To Do,horizontal_card_transfer,"=IMAGE(""https://raw.githubusercontent.com/zezorzan/zeroheight-integration-test/main/icon-previews-remaining/207-horizontal_card_transfer.png"")",FALSE,FALSE,Financial,,,"card, credit, transfer",outlined/financial/cards/horizontal_card_transfer,outlined,25301:2086,207-horizontal_card_transfer.png
208,To Do,send,"=IMAGE(""https://raw.githubusercontent.com/zezorzan/zeroheight-integration-test/main/icon-previews-remaining/208-send.png"")",FALSE,FALSE,Actions,,,"message, dm, chat, paper plane, direct",outlined/actions/common actions/send,outlined,147:1541,208-send.png
209,To Do,threads,"=IMAGE(""https://raw.githubusercontent.com/zezorzan/zeroheight-integration-test/main/icon-previews-remaining/209-threads.png"")",FALSE,FALSE,Actions,,,,outlined/actions/common_actions/threads,outlined,21704:2085,209-threads.png
210,To Do,clean,"=IMAGE(""https://raw.githubusercontent.com/zezorzan/zeroheight-integration-test/main/icon-previews-remaining/210-clean.png"")",FALSE,FALSE,Categories,,,"broom, sweep",outlined/categories/travel/clean,outlined,147:2136,210-clean.png
211,To Do,calendar_edit,"=IMAGE(""https://raw.githubusercontent.com/zezorzan/zeroheight-integration-test/main/icon-previews-remaining/211-calendar_edit.png"")",FALSE,FALSE,Objects,,,"date, year, month, day, schedule, event, edit, change, exclamation",outlined/objects/time/calendar_edit,outlined,147:1856,211-calendar_edit.png
212,To Do,snack,"=IMAGE(""https://raw.githubusercontent.com/zezorzan/zeroheight-integration-test/main/icon-previews-remaining/212-snack.png"")",FALSE,FALSE,Categories,,,"food, comida, lanche, merienda, refrigerio, biscoito, saco, embalagem, quick",outlined/categories/travel/snack,outlined,7791:2334,212-snack.png
213,To Do,smartphone_broken,"=IMAGE(""https://raw.githubusercontent.com/zezorzan/zeroheight-integration-test/main/icon-previews-remaining/213-smartphone_broken.png"")",FALSE,FALSE,Objects,,,"device, mobile, celular, broken",outlined/objects/other/smartphone_broken,outlined,147:1862,213-smartphone_broken.png
214,To Do,computer_plus,"=IMAGE(""https://raw.githubusercontent.com/zezorzan/zeroheight-integration-test/main/icon-previews-remaining/214-computer_plus.png"")",FALSE,FALSE,Objects,,,"technology, tecnologia, computadora, computador, agregar, digital, pc",outlined/objects/other/computer_plus,outlined,7791:2316,214-computer_plus.png
215,To Do,soap_bottle,"=IMAGE(""https://raw.githubusercontent.com/zezorzan/zeroheight-integration-test/main/icon-previews-remaining/215-soap_bottle.png"")",FALSE,FALSE,Categories,,,"bathroom, cuidados pessoais, self care, dispenser",outlined/categories/transactions/soap_bottle,outlined,147:2076,215-soap_bottle.png
216,To Do,computer,"=IMAGE(""https://raw.githubusercontent.com/zezorzan/zeroheight-integration-test/main/icon-previews-remaining/216-computer.png"")",FALSE,FALSE,Categories,,,"monitor, desktop, pc, macbook, imac, device, hardware",outlined/categories/travel/computer,outlined,147:2145,216-computer.png
217,To Do,calendar_renew,"=IMAGE(""https://raw.githubusercontent.com/zezorzan/zeroheight-integration-test/main/icon-previews-remaining/217-calendar_renew.png"")",FALSE,FALSE,Objects,,,"subscriptions, renew, payments, date, year, month, day, schedule, event",outlined/objects/time/calendar_renew,outlined,10647:2581,217-calendar_renew.png
218,To Do,image,"=IMAGE(""https://raw.githubusercontent.com/zezorzan/zeroheight-integration-test/main/icon-previews-remaining/218-image.png"")",FALSE,FALSE,Actions,,,"image, picture, photo, gallery",outlined/actions/common actions/image,outlined,147:1615,218-image.png
219,To Do,computer_fix,"=IMAGE(""https://raw.githubusercontent.com/zezorzan/zeroheight-integration-test/main/icon-previews-remaining/219-computer_fix.png"")",FALSE,FALSE,Objects,,,"insurance, assistance, computer, fix, screen",outlined/objects/other/computer_fix ,outlined,147:1784,219-computer_fix.png
220,To Do,pool,"=IMAGE(""https://raw.githubusercontent.com/zezorzan/zeroheight-integration-test/main/icon-previews-remaining/220-pool.png"")",FALSE,FALSE,Categories,,,"swimming, ladder",outlined/categories/travel/pool,outlined,147:2082,220-pool.png
221,To Do,kid_toy,"=IMAGE(""https://raw.githubusercontent.com/zezorzan/zeroheight-integration-test/main/icon-previews-remaining/221-kid_toy.png"")",FALSE,FALSE,Categories,,,"child, baby, playpen, children, play, fun, learning, infant",outlined/categories/travel/kid_toy,outlined,147:2103,221-kid_toy.png
222,To Do,tag,"=IMAGE(""https://raw.githubusercontent.com/zezorzan/zeroheight-integration-test/main/icon-previews-remaining/222-tag.png"")",FALSE,FALSE,Actions,,,"price tag, plus, create, more, include, new, input",outlined/actions/common actions/tag,outlined,147:1619,222-tag.png
223,To Do,card_transfer_limits,"=IMAGE(""https://raw.githubusercontent.com/zezorzan/zeroheight-integration-test/main/icon-previews-remaining/223-card_transfer_limits.png"")",FALSE,FALSE,Financial,,,"cartão, roxinho, arrows",outlined/financial/cards/card_transfer_limits,outlined,147:2003,223-card_transfer_limits.png
224,To Do,tools,"=IMAGE(""https://raw.githubusercontent.com/zezorzan/zeroheight-integration-test/main/icon-previews-remaining/224-tools.png"")",FALSE,FALSE,Categories,,,"wrench, build, service, screwdriver, fix, chave",outlined/categories/transactions/tools,outlined,147:2044,224-tools.png
225,To Do,wind,"=IMAGE(""https://raw.githubusercontent.com/zezorzan/zeroheight-integration-test/main/icon-previews-remaining/225-wind.png"")",FALSE,FALSE,Objects,,,"insurance, coverage, wind, elements, drift",outlined/objects/other/wind,outlined,147:1790,225-wind.png
226,To Do,gmail,"=IMAGE(""https://raw.githubusercontent.com/zezorzan/zeroheight-integration-test/main/icon-previews-remaining/226-gmail.png"")",FALSE,FALSE,Social,,,"network, e-mail, gmail, message, messaging, google",outlined/social/gmail,outlined,147:1481,226-gmail.png
227,To Do,sentiment_very_dissatisfied,"=IMAGE(""https://raw.githubusercontent.com/zezorzan/zeroheight-integration-test/main/icon-previews-remaining/227-sentiment_very_dissatisfied.png"")",FALSE,FALSE,Actions,,,"emoji, smiley, emotion, face, anguished, worried, oh no, shocked, bad",outlined/actions/feedbacks/sentiment_very_dissatisfied,outlined,147:1559,227-sentiment_very_dissatisfied.png
228,To Do,games,"=IMAGE(""https://raw.githubusercontent.com/zezorzan/zeroheight-integration-test/main/icon-previews-remaining/228-games.png"")",FALSE,FALSE,Categories,,,"console, leisure, fun, play, stick",outlined/categories/transactions/games,outlined,147:2065,228-games.png
229,To Do,video,"=IMAGE(""https://raw.githubusercontent.com/zezorzan/zeroheight-integration-test/main/icon-previews-remaining/229-video.png"")",FALSE,FALSE,System,,,"camera, recording",outlined/system/video,outlined,147:1658,229-video.png
230,To Do,car_collision,"=IMAGE(""https://raw.githubusercontent.com/zezorzan/zeroheight-integration-test/main/icon-previews-remaining/230-car_collision.png"")",FALSE,FALSE,Objects,,,"transport, vehicle, short, crash, accident",outlined/objects/transport/car_collision,outlined,147:1799,230-car_collision.png
231,To Do,sunglasses,"=IMAGE(""https://raw.githubusercontent.com/zezorzan/zeroheight-integration-test/main/icon-previews-remaining/231-sunglasses.png"")",FALSE,FALSE,Categories,,,"accessory, acessório, accesorio, sol, verano, sun, summer, verão, calor, festival, óculos escuros, shade",outlined/categories/travel/sunglasses,outlined,7791:2340,231-sunglasses.png
232,To Do,phone_incoming,"=IMAGE(""https://raw.githubusercontent.com/zezorzan/zeroheight-integration-test/main/icon-previews-remaining/232-phone_incoming.png"")",FALSE,FALSE,System,,,"call, answer, ligação",outlined/system/phone_incoming,outlined,147:1829,232-phone_incoming.png
233,To Do,user_arrow_down,"=IMAGE(""https://raw.githubusercontent.com/zezorzan/zeroheight-integration-test/main/icon-previews-remaining/233-user_arrow_down.png"")",FALSE,FALSE,Human,,,"person, avatar, profile, seta, upload, out, share, shared, data",outlined/human/user_arrow_down,outlined,25206:2115,233-user_arrow_down.png
234,To Do,coffee,"=IMAGE(""https://raw.githubusercontent.com/zezorzan/zeroheight-integration-test/main/icon-previews-remaining/234-coffee.png"")",FALSE,FALSE,Categories,,,"breakfast, tea, mug, cup",outlined/categories/travel/coffee,outlined,147:2091,234-coffee.png
235,To Do,thumbs_down,"=IMAGE(""https://raw.githubusercontent.com/zezorzan/zeroheight-integration-test/main/icon-previews-remaining/235-thumbs_down.png"")",FALSE,FALSE,Actions,,,"dislike, finger, hand, disapproved",outlined/actions/feedbacks/thumbs_down,outlined,147:1763,235-thumbs_down.png
236,To Do,thief,"=IMAGE(""https://raw.githubusercontent.com/zezorzan/zeroheight-integration-test/main/icon-previews-remaining/236-thief.png"")",FALSE,FALSE,Objects,,,"insurance, coverage, thief, theft, robbery, mask",outlined/objects/security/thief,outlined,147:1775,236-thief.png
237,To Do,esim,"=IMAGE(""https://raw.githubusercontent.com/zezorzan/zeroheight-integration-test/main/icon-previews-remaining/237-esim.png"")",FALSE,FALSE,Objects,,,,outlined/objects/health/esim,outlined,6140:1766,237-esim.png
238,To Do,mountains,"=IMAGE(""https://raw.githubusercontent.com/zezorzan/zeroheight-integration-test/main/icon-previews-remaining/238-mountains.png"")",FALSE,FALSE,Categories,,,"nature, natureza, naturaleza, aventura, trekking, montanha, paisaje",outlined/categories/travel/mountains,outlined,7791:2326,238-mountains.png
239,To Do,airplane_takeoff,"=IMAGE(""https://raw.githubusercontent.com/zezorzan/zeroheight-integration-test/main/icon-previews-remaining/239-airplane_takeoff.png"")",FALSE,FALSE,Categories,,,"travel, viagem, vuelo, avión, aeropuerto, aeroporto, decolar",outlined/categories/travel/airplane_takeoff,outlined,7791:2310,239-airplane_takeoff.png
240,To Do,bathtub,"=IMAGE(""https://raw.githubusercontent.com/zezorzan/zeroheight-integration-test/main/icon-previews-remaining/240-bathtub.png"")",FALSE,FALSE,Categories,,,"bathroom, shower, plumbing, relax",outlined/categories/travel/bathtub,outlined,147:2112,240-bathtub.png
241,To Do,wheelchair,"=IMAGE(""https://raw.githubusercontent.com/zezorzan/zeroheight-integration-test/main/icon-previews-remaining/241-wheelchair.png"")",FALSE,FALSE,Human,,,"chair, wheels, accessibility, a11y, accessible, user, person",outlined/human/wheelchair,outlined,147:1853,241-wheelchair.png
242,To Do,facebook,"=IMAGE(""https://raw.githubusercontent.com/zezorzan/zeroheight-integration-test/main/icon-previews-remaining/242-facebook.png"")",FALSE,FALSE,Social,,,"network, social media, meta, fb",outlined/social/facebook,outlined,147:1467,242-facebook.png
243,To Do,volume_up_filled,"=IMAGE(""https://raw.githubusercontent.com/zezorzan/zeroheight-integration-test/main/icon-previews-remaining/243-volume_up_filled.png"")",TRUE,FALSE,System,,,"speaker, sound, megaphone, audio",filled/system/volume_up_filled,filled,26228:2187,243-volume_up_filled.png
244,To Do,health,"=IMAGE(""https://raw.githubusercontent.com/zezorzan/zeroheight-integration-test/main/icon-previews-remaining/244-health.png"")",FALSE,FALSE,Categories,,,"cross, insurance, care, hospital",outlined/categories/transactions/health,outlined,147:2050,244-health.png
245,To Do,facebook_messenger,"=IMAGE(""https://raw.githubusercontent.com/zezorzan/zeroheight-integration-test/main/icon-previews-remaining/245-facebook_messenger.png"")",FALSE,FALSE,Social,,,"network, social media, message, messaging, meta, fb, chat",outlined/social/facebook_messenger,outlined,147:1469,245-facebook_messenger.png
246,To Do,share_android,"=IMAGE(""https://raw.githubusercontent.com/zezorzan/zeroheight-integration-test/main/icon-previews-remaining/246-share_android.png"")",FALSE,FALSE,UI Actions,,,"network, hub, connection",outlined/ui actions/common actions/share_android,outlined,147:1607,246-share_android.png
247,To Do,nucoin_level1,"=IMAGE(""https://raw.githubusercontent.com/zezorzan/zeroheight-integration-test/main/icon-previews-remaining/247-nucoin_level1.png"")",FALSE,FALSE,Products,,,"nucoin, level, loyalty",outlined/products/nucoin_level1,outlined,25206:2098,247-nucoin_level1.png
248,To Do,crib,"=IMAGE(""https://raw.githubusercontent.com/zezorzan/zeroheight-integration-test/main/icon-previews-remaining/248-crib.png"")",FALSE,FALSE,Categories,,,"baby, bed, bassinet, cot, infant, furniture",outlined/categories/travel/crib,outlined,147:2142,248-crib.png
249,To Do,instagram,"=IMAGE(""https://raw.githubusercontent.com/zezorzan/zeroheight-integration-test/main/icon-previews-remaining/249-instagram.png"")",FALSE,FALSE,Social,,,"network, social media, instagram, meta, fb",outlined/social/instagram,outlined,147:1471,249-instagram.png
250,To Do,parking_sign,"=IMAGE(""https://raw.githubusercontent.com/zezorzan/zeroheight-integration-test/main/icon-previews-remaining/250-parking_sign.png"")",FALSE,FALSE,Objects,,,"transit, estacionamento, estacionar",outlined/objects/transport/parking_sign,outlined,147:1691,250-parking_sign.png
251,To Do,international_transfer_in,"=IMAGE(""https://raw.githubusercontent.com/zezorzan/zeroheight-integration-test/main/icon-previews-remaining/251-international_transfer_in.png"")",FALSE,FALSE,Financial,,,"globe, global, network, arrow, down, in, income",outlined/financial/other/international_transfer_in,outlined,7559:1798,251-international_transfer_in.png
252,To Do,nucoin_level5,"=IMAGE(""https://raw.githubusercontent.com/zezorzan/zeroheight-integration-test/main/icon-previews-remaining/252-nucoin_level5.png"")",FALSE,FALSE,Products,,,"nucoin, level, loyalty",outlined/products/nucoin_level5,outlined,25206:2095,252-nucoin_level5.png
253,To Do,drag_handle,"=IMAGE(""https://raw.githubusercontent.com/zezorzan/zeroheight-integration-test/main/icon-previews-remaining/253-drag_handle.png"")",FALSE,FALSE,UI Actions,,,"equal, drop, area, arrastar, push, move",outlined/ui actions/common actions/drag_handle,outlined,147:1460,253-drag_handle.png
254,To Do,add_circle,"=IMAGE(""https://raw.githubusercontent.com/zezorzan/zeroheight-integration-test/main/icon-previews-remaining/254-add_circle.png"")",FALSE,FALSE,Actions,,,"plus, create, more, include, new, input",outlined/actions/common actions/add_circle,outlined,147:1589,254-add_circle.png
255,To Do,others,"=IMAGE(""https://raw.githubusercontent.com/zezorzan/zeroheight-integration-test/main/icon-previews-remaining/255-others.png"")",FALSE,FALSE,Categories,,,"categories, options, menu",outlined/categories/transactions/others,outlined,147:2058,255-others.png
256,To Do,tree,"=IMAGE(""https://raw.githubusercontent.com/zezorzan/zeroheight-integration-test/main/icon-previews-remaining/256-tree.png"")",FALSE,FALSE,Categories,,,"nature, árvore, árbol, ecologia, bosque, wood, leaf, green",outlined/categories/travel/tree,outlined,7797:2310,256-tree.png
257,To Do,car_plate,"=IMAGE(""https://raw.githubusercontent.com/zezorzan/zeroheight-integration-test/main/icon-previews-remaining/257-car_plate.png"")",FALSE,FALSE,Objects,,,"sign, license",outlined/objects/transport/car_plate,outlined,147:1724,257-car_plate.png
258,To Do,sentiment_dissatisfied,"=IMAGE(""https://raw.githubusercontent.com/zezorzan/zeroheight-integration-test/main/icon-previews-remaining/258-sentiment_dissatisfied.png"")",FALSE,FALSE,Actions,,,"emoji, smiley, emotion, face, bad, sad, disappointed",outlined/actions/feedbacks/sentiment_dissatisfied,outlined,147:1561,258-sentiment_dissatisfied.png
259,To Do,ticket,"=IMAGE(""https://raw.githubusercontent.com/zezorzan/zeroheight-integration-test/main/icon-previews-remaining/259-ticket.png"")",FALSE,FALSE,Financial,,,"admit one, movie, cinema, entertainment, fun, coupon, cupon",outlined/financial/other/ticket,outlined,147:1967,259-ticket.png
260,To Do,location_off,"=IMAGE(""https://raw.githubusercontent.com/zezorzan/zeroheight-integration-test/main/icon-previews-remaining/260-location_off.png"")",FALSE,FALSE,System,,,"pin, place, local, tracking, slash, off, disabled, stop",outlined/system/location_off,outlined,147:1623,260-location_off.png
261,To Do,spa,"=IMAGE(""https://raw.githubusercontent.com/zezorzan/zeroheight-integration-test/main/icon-previews-remaining/261-spa.png"")",FALSE,FALSE,Categories,,,"relax, massage, flower, lotus",outlined/categories/travel/spa,outlined,147:2085,261-spa.png
262,To Do,smartphone_vibration,"=IMAGE(""https://raw.githubusercontent.com/zezorzan/zeroheight-integration-test/main/icon-previews-remaining/262-smartphone_vibration.png"")",FALSE,FALSE,System,,,"phone, celular, teléfono, notificación, alerta, vibração, silencioso, vibración",outlined/system/smartphone_vibration,outlined,7791:2332,262-smartphone_vibration.png
263,To Do,weights,"=IMAGE(""https://raw.githubusercontent.com/zezorzan/zeroheight-integration-test/main/icon-previews-remaining/263-weights.png"")",FALSE,FALSE,Categories,,,"gym, workout, training, fitness",outlined/categories/travel/weights,outlined,147:2088,263-weights.png
264,To Do,erase,"=IMAGE(""https://raw.githubusercontent.com/zezorzan/zeroheight-integration-test/main/icon-previews-remaining/264-erase.png"")",FALSE,FALSE,UI Actions,,,"borracha, correct, apagar, delete, fix",outlined/ui actions/common actions/erase,outlined,147:1545,264-erase.png
265,To Do,pause,"=IMAGE(""https://raw.githubusercontent.com/zezorzan/zeroheight-integration-test/main/icon-previews-remaining/265-pause.png"")",FALSE,FALSE,Actions,,,"wait, pending",outlined/actions/common actions/pause,outlined,147:1648,265-pause.png
266,To Do,unfold_less,"=IMAGE(""https://raw.githubusercontent.com/zezorzan/zeroheight-integration-test/main/icon-previews-remaining/266-unfold_less.png"")",FALSE,FALSE,UI Actions,,,"close, collapse, less, chevron, hide",outlined/ui actions/common actions/unfold_less,outlined,147:1458,266-unfold_less.png
267,To Do,pos,"=IMAGE(""https://raw.githubusercontent.com/zezorzan/zeroheight-integration-test/main/icon-previews-remaining/267-pos.png"")",FALSE,FALSE,Financial,,,"maquininha, point of sale, payment, method",outlined/financial/other/pos,outlined,147:1949,267-pos.png
268,To Do,bell_off,"=IMAGE(""https://raw.githubusercontent.com/zezorzan/zeroheight-integration-test/main/icon-previews-remaining/268-bell_off.png"")",FALSE,FALSE,System,,,"notification, sino, alert",outlined/system/bell_off,outlined,23594:2085,268-bell_off.png
269,To Do,nucoin_level4,"=IMAGE(""https://raw.githubusercontent.com/zezorzan/zeroheight-integration-test/main/icon-previews-remaining/269-nucoin_level4.png"")",FALSE,FALSE,Products,,,"nucoin, level, loyalty",outlined/products/nucoin_level4,outlined,25206:2092,269-nucoin_level4.png
270,To Do,heart_halo,"=IMAGE(""https://raw.githubusercontent.com/zezorzan/zeroheight-integration-test/main/icon-previews-remaining/270-heart_halo.png"")",FALSE,FALSE,Objects,,,"love, coração, insurance, seguro, death, coverage, angel",outlined/objects/health/heart_halo,outlined,147:1769,270-heart_halo.png
271,To Do,nu_tag_ship,"=IMAGE(""https://raw.githubusercontent.com/zezorzan/zeroheight-integration-test/main/icon-previews-remaining/271-nu_tag_ship.png"")",FALSE,FALSE,Objects,,,"pedágio, toll, estacionamento, highway, rodovia, entrega, tracking, nutag",outlined/objects/transport/nu_tag_ship,outlined,4232:1660,271-nu_tag_ship.png
272,To Do,card_collateral,"=IMAGE(""https://raw.githubusercontent.com/zezorzan/zeroheight-integration-test/main/icon-previews-remaining/272-card_collateral.png"")",FALSE,FALSE,Financial,,,"cartão, roxinho, vertical, dollar sign, money, currency",outlined/financial/cards/card_collateral,outlined,147:1889,272-card_collateral.png
273,To Do,sofa_bed,"=IMAGE(""https://raw.githubusercontent.com/zezorzan/zeroheight-integration-test/main/icon-previews-remaining/273-sofa_bed.png"")",FALSE,FALSE,Categories,,,"hotel, sleep, couch, convertible, furniture, single, bedroom, living, mattress",outlined/categories/travel/sofa_bed,outlined,147:2124,273-sofa_bed.png
274,To Do,nucoin_level3,"=IMAGE(""https://raw.githubusercontent.com/zezorzan/zeroheight-integration-test/main/icon-previews-remaining/274-nucoin_level3.png"")",FALSE,FALSE,Products,,,"nucoin, level, loyalty",outlined/products/nucoin_level3,outlined,25206:2089,274-nucoin_level3.png
275,To Do,global_virtual_card,"=IMAGE(""https://raw.githubusercontent.com/zezorzan/zeroheight-integration-test/main/icon-previews-remaining/275-global_virtual_card.png"")",FALSE,FALSE,Financial,,,"cartão, roxinho, global, vertical, virtual",outlined/financial/cards/global_virtual_card,outlined,147:2030,275-global_virtual_card.png
276,To Do,hearts,"=IMAGE(""https://raw.githubusercontent.com/zezorzan/zeroheight-integration-test/main/icon-previews-remaining/276-hearts.png"")",FALSE,FALSE,Objects,,,"favorite, favourite, love, like, vidas juntas, coração, insurance, seguro",outlined/objects/health/hearts,outlined,147:1766,276-hearts.png
277,To Do,uv_logo,"=IMAGE(""https://raw.githubusercontent.com/zezorzan/zeroheight-integration-test/main/icon-previews-remaining/277-uv_logo.png"")",FALSE,FALSE,Logos,,,"logo, uv, ultravioleta",outlined/logos/uv_logo,outlined,5281:1662,277-uv_logo.png
278,To Do,money_shield,"=IMAGE(""https://raw.githubusercontent.com/zezorzan/zeroheight-integration-test/main/icon-previews-remaining/278-money_shield.png"")",FALSE,FALSE,Objects,,,"cdb, fixed income, money protection, security, trustworthy, renda fixa, fgc",outlined/objects/security/money_shield,outlined,6258:1768,278-money_shield.png
279,To Do,rocket,"=IMAGE(""https://raw.githubusercontent.com/zezorzan/zeroheight-integration-test/main/icon-previews-remaining/279-rocket.png"")",FALSE,FALSE,Objects,,,"rocket, turbo, boosted",outlined/objects/transport/rocket,outlined,25206:2102,279-rocket.png
280,To Do,board_games,"=IMAGE(""https://raw.githubusercontent.com/zezorzan/zeroheight-integration-test/main/icon-previews-remaining/280-board_games.png"")",FALSE,FALSE,Categories,,,"play, dice, leisure, hobby, dado",outlined/categories/travel/board_games,outlined,147:2127,280-board_games.png
281,To Do,suitcase,"=IMAGE(""https://raw.githubusercontent.com/zezorzan/zeroheight-integration-test/main/icon-previews-remaining/281-suitcase.png"")",FALSE,FALSE,Categories,,,"luggage, bagagem, equipaje, maleta, turismo, mala, bolsa",outlined/categories/travel/suitcase,outlined,7791:2338,281-suitcase.png
282,To Do,sentiment_neutral,"=IMAGE(""https://raw.githubusercontent.com/zezorzan/zeroheight-integration-test/main/icon-previews-remaining/282-sentiment_neutral.png"")",FALSE,FALSE,Actions,,,"emoji, smiley, emotion, face, bored, meh, ok, poker",outlined/actions/feedbacks/sentiment_neutral,outlined,147:1563,282-sentiment_neutral.png
283,To Do,bar_code_share,"=IMAGE(""https://raw.githubusercontent.com/zezorzan/zeroheight-integration-test/main/icon-previews-remaining/283-bar_code_share.png"")",FALSE,FALSE,Financial,,,"barcode, share, boleto, DDA, compartilhar, shared, contact, payment, pagamento, compartilhado, user, person",outlined/financial/other/bar_code_share,outlined,9271:2353,283-bar_code_share.png
284,To Do,shower,"=IMAGE(""https://raw.githubusercontent.com/zezorzan/zeroheight-integration-test/main/icon-previews-remaining/284-shower.png"")",FALSE,FALSE,Categories,,,"bath, banho, ducha, regadera, higienização, clean, water, água",outlined/categories/travel/shower,outlined,7797:2314,284-shower.png
285,To Do,cars_shield,"=IMAGE(""https://raw.githubusercontent.com/zezorzan/zeroheight-integration-test/main/icon-previews-remaining/285-cars_shield.png"")",FALSE,FALSE,Objects,,,"transport, vehicle, short, safe, safety, protection, security, trustworthy, badge, insurance",outlined/objects/transport/cars_shield,outlined,147:1802,285-cars_shield.png
286,To Do,atm_services,"=IMAGE(""https://raw.githubusercontent.com/zezorzan/zeroheight-integration-test/main/icon-previews-remaining/286-atm_services.png"")",FALSE,FALSE,Financial,,,,outlined/financial/other/atm_services,outlined,25207:2120,286-atm_services.png
287,To Do,shared_virtual_card,"=IMAGE(""https://raw.githubusercontent.com/zezorzan/zeroheight-integration-test/main/icon-previews-remaining/287-shared_virtual_card.png"")",FALSE,FALSE,Financial,,,"cartão, roxinho, vertical, virtual, dotted, user, shared",outlined/financial/cards/shared_virtual_card,outlined,147:1886,287-shared_virtual_card.png
288,To Do,refrigerator,"=IMAGE(""https://raw.githubusercontent.com/zezorzan/zeroheight-integration-test/main/icon-previews-remaining/288-refrigerator.png"")",FALSE,FALSE,Categories,,,"fridge, kitchen, appliance, cool",outlined/categories/travel/refrigerator,outlined,4635:1701,288-refrigerator.png
289,To Do,stethoscope,"=IMAGE(""https://raw.githubusercontent.com/zezorzan/zeroheight-integration-test/main/icon-previews-remaining/289-stethoscope.png"")",FALSE,FALSE,Objects,,,"health, insurance, doctor, heart, tool, stethoscope",outlined/objects/health/stethoscope,outlined,6438:1736,289-stethoscope.png
290,To Do,bbq,"=IMAGE(""https://raw.githubusercontent.com/zezorzan/zeroheight-integration-test/main/icon-previews-remaining/290-bbq.png"")",FALSE,FALSE,Categories,,,"food, meat, grill, barbecue, cooking, outdoor, party",outlined/categories/travel/BBQ,outlined,147:2115,290-bbq.png
291,To Do,wifi,"=IMAGE(""https://raw.githubusercontent.com/zezorzan/zeroheight-integration-test/main/icon-previews-remaining/291-wifi.png"")",FALSE,FALSE,Categories,,,"internet, connect, connectivity, signal",outlined/categories/transactions/wifi,outlined,147:2071,291-wifi.png
292,To Do,coin,"=IMAGE(""https://raw.githubusercontent.com/zezorzan/zeroheight-integration-test/main/icon-previews-remaining/292-coin.png"")",FALSE,FALSE,Financial,,,"coin, change, roundup, spare",outlined/financial/other/coin,outlined,15375:2584,292-coin.png
293,To Do,expand,"=IMAGE(""https://raw.githubusercontent.com/zezorzan/zeroheight-integration-test/main/icon-previews-remaining/293-expand.png"")",FALSE,FALSE,UI Actions,,,,outlined/ui actions/common_actions/expand,outlined,27035:2090,293-expand.png
294,To Do,user_outside,"=IMAGE(""https://raw.githubusercontent.com/zezorzan/zeroheight-integration-test/main/icon-previews-remaining/294-user_outside.png"")",FALSE,FALSE,Objects,,,"modo rua, house, home, person",outlined/objects/security/user_outside,outlined,147:1721,294-user_outside.png
295,To Do,play_circle,"=IMAGE(""https://raw.githubusercontent.com/zezorzan/zeroheight-integration-test/main/icon-previews-remaining/295-play_circle.png"")",FALSE,FALSE,Actions,,,"start, being, video, go, run",outlined/actions/common actions/play_circle,outlined,147:1587,295-play_circle.png
296,To Do,flower,"=IMAGE(""https://raw.githubusercontent.com/zezorzan/zeroheight-integration-test/main/icon-previews-remaining/296-flower.png"")",FALSE,FALSE,Objects,,,"insurance, coverage, death, funeral, gratitude, garden, gratidão, flor",outlined/objects/other/flower,outlined,147:1772,296-flower.png
297,To Do,book,"=IMAGE(""https://raw.githubusercontent.com/zezorzan/zeroheight-integration-test/main/icon-previews-remaining/297-book.png"")",FALSE,FALSE,Objects,,,"notebook, terms, help, manual, bible",outlined/objects/other/book,outlined,147:1668,297-book.png
298,To Do,fire,"=IMAGE(""https://raw.githubusercontent.com/zezorzan/zeroheight-integration-test/main/icon-previews-remaining/298-fire.png"")",FALSE,FALSE,Objects,,,"insurance, coverage, elements, fire, burning",outlined/objects/other/fire,outlined,147:1787,298-fire.png
299,To Do,more_vertical,"=IMAGE(""https://raw.githubusercontent.com/zezorzan/zeroheight-integration-test/main/icon-previews-remaining/299-more_vertical.png"")",FALSE,FALSE,UI Actions,,,"kebab, meatballs, options, menu, ellipsis, other, extra, churrasquinho, espetinho",outlined/ui actions/navigation/more_vertical,outlined,147:1454,299-more_vertical.png
300,To Do,fire_extinguisher,"=IMAGE(""https://raw.githubusercontent.com/zezorzan/zeroheight-integration-test/main/icon-previews-remaining/300-fire_extinguisher.png"")",FALSE,FALSE,Categories,,,"fire, fighter, safety, protection, emergency",outlined/categories/travel/fire_extinguisher,outlined,147:2160,300-fire_extinguisher.png
301,To Do,libras,"=IMAGE(""https://raw.githubusercontent.com/zezorzan/zeroheight-integration-test/main/icon-previews-remaining/301-libras.png"")",FALSE,FALSE,Human,,,"accessibility, a11y, sign, language, hands",outlined/human/libras,outlined,147:1666,301-libras.png
302,To Do,card_blocked,"=IMAGE(""https://raw.githubusercontent.com/zezorzan/zeroheight-integration-test/main/icon-previews-remaining/302-card_blocked.png"")",FALSE,FALSE,Financial,,,"cartão, roxinho, vertical, lock, blocked, secure, safe, protect, safety",outlined/financial/cards/card_blocked,outlined,147:1875,302-card_blocked.png
303,To Do,volume_up,"=IMAGE(""https://raw.githubusercontent.com/zezorzan/zeroheight-integration-test/main/icon-previews-remaining/303-volume_up.png"")",FALSE,FALSE,System,,,"speaker, sound, audio, megaphone",outlined/system/volume_up,outlined,26228:2181,303-volume_up.png
304,To Do,shield_phone,"=IMAGE(""https://raw.githubusercontent.com/zezorzan/zeroheight-integration-test/main/icon-previews-remaining/304-shield_phone.png"")",FALSE,FALSE,Objects,,,"safe, safety, protection, security, trustworthy, badge, phone, live, call, incoming, shield",outlined/objects/security/shield_phone,outlined,5894:1766,304-shield_phone.png
305,To Do,eye_sparkle,"=IMAGE(""https://raw.githubusercontent.com/zezorzan/zeroheight-integration-test/main/icon-previews-remaining/305-eye_sparkle.png"")",FALSE,FALSE,Actions,,,"accessibility, eye, open, show",outlined/actions/common actions/eye_sparkle,outlined,147:1850,305-eye_sparkle.png
306,To Do,card_transfer,"=IMAGE(""https://raw.githubusercontent.com/zezorzan/zeroheight-integration-test/main/icon-previews-remaining/306-card_transfer.png"")",FALSE,FALSE,Financial,,,"card, transfer, pix, vertical, roxinho",outlined/financial/cards/card_transfer,outlined,9213:2350,306-card_transfer.png
307,To Do,double_bed,"=IMAGE(""https://raw.githubusercontent.com/zezorzan/zeroheight-integration-test/main/icon-previews-remaining/307-double_bed.png"")",FALSE,FALSE,Categories,,,"hotel, sleep, furniture, bedroom, mattress, couple",outlined/categories/travel/double_bed,outlined,147:2118,307-double_bed.png
308,To Do,volume_off,"=IMAGE(""https://raw.githubusercontent.com/zezorzan/zeroheight-integration-test/main/icon-previews-remaining/308-volume_off.png"")",FALSE,FALSE,System,,,"muted, mute, sound, speaker, voice, silent, silence",outlined/system/volume_off,outlined,26228:2184,308-volume_off.png
309,To Do,taxi_car,"=IMAGE(""https://raw.githubusercontent.com/zezorzan/zeroheight-integration-test/main/icon-previews-remaining/309-taxi_car.png"")",FALSE,FALSE,Categories,,,"transport, vehicle, short",outlined/categories/transactions/taxi_car,outlined,147:2048,309-taxi_car.png
310,To Do,bre_b,"=IMAGE(""https://raw.githubusercontent.com/zezorzan/zeroheight-integration-test/main/icon-previews-remaining/310-bre_b.png"")",FALSE,FALSE,Logos,,,"transfer, logo, instant, Colombia, breb",outlined/logos/bre_b,outlined,9518:2349,310-bre_b.png
311,To Do,play,"=IMAGE(""https://raw.githubusercontent.com/zezorzan/zeroheight-integration-test/main/icon-previews-remaining/311-play.png"")",FALSE,FALSE,Actions,,,"start, being, video, go, run",outlined/actions/common actions/play,outlined,147:1646,311-play.png
312,To Do,pig,"=IMAGE(""https://raw.githubusercontent.com/zezorzan/zeroheight-integration-test/main/icon-previews-remaining/312-pig.png"")",FALSE,FALSE,Products,,,"savings, save, money, piggy bank",outlined/products/pig,outlined,147:1929,312-pig.png
313,To Do,remove_circle,"=IMAGE(""https://raw.githubusercontent.com/zezorzan/zeroheight-integration-test/main/icon-previews-remaining/313-remove_circle.png"")",FALSE,FALSE,Actions,,,"dash, minus, less",outlined/actions/common actions/remove_circle,outlined,147:1591,313-remove_circle.png
314,To Do,towel,"=IMAGE(""https://raw.githubusercontent.com/zezorzan/zeroheight-integration-test/main/icon-previews-remaining/314-towel.png"")",FALSE,FALSE,Categories,,,"bath, bathroom, fabric, hygiene, hotel",outlined/categories/travel/towel,outlined,147:2154,314-towel.png
315,To Do,email_add,"=IMAGE(""https://raw.githubusercontent.com/zezorzan/zeroheight-integration-test/main/icon-previews-remaining/315-email_add.png"")",FALSE,FALSE,Actions,,,"message, letter, invitation, invite, plus, create, more, include, new",outlined/actions/common actions/email_add,outlined,147:1553,315-email_add.png
316,To Do,robot,"=IMAGE(""https://raw.githubusercontent.com/zezorzan/zeroheight-integration-test/main/icon-previews-remaining/316-robot.png"")",FALSE,FALSE,Objects,,,,outlined/objects/other/robot,outlined,26760:2095,316-robot.png
317,To Do,foot_circles,"=IMAGE(""https://raw.githubusercontent.com/zezorzan/zeroheight-integration-test/main/icon-previews-remaining/317-foot_circles.png"")",FALSE,FALSE,Objects,,,"foot, circle, skin, feet",outlined/objects/health/foot_circles,outlined,147:1847,317-foot_circles.png
318,To Do,taj_mahal,"=IMAGE(""https://raw.githubusercontent.com/zezorzan/zeroheight-integration-test/main/icon-previews-remaining/318-taj_mahal.png"")",FALSE,FALSE,Categories,,,"india, índia, patrimonio, arquitectura, cultura, monumento, templo, espiritualidade",outlined/categories/travel/taj_mahal,outlined,7791:2342,318-taj_mahal.png
319,To Do,ping_pong,"=IMAGE(""https://raw.githubusercontent.com/zezorzan/zeroheight-integration-test/main/icon-previews-remaining/319-ping_pong.png"")",FALSE,FALSE,Categories,,,"racket, play, fun, leisure, sports, ball",outlined/categories/transactions/ping_pong,outlined,147:2054,319-ping_pong.png
320,To Do,washing_machine,"=IMAGE(""https://raw.githubusercontent.com/zezorzan/zeroheight-integration-test/main/icon-previews-remaining/320-washing_machine.png"")",FALSE,FALSE,Categories,,,"clothes, wash, laundry, appliance, cleaning",outlined/categories/travel/washing_machine,outlined,147:2100,320-washing_machine.png
321,To Do,whatsapp,"=IMAGE(""https://raw.githubusercontent.com/zezorzan/zeroheight-integration-test/main/icon-previews-remaining/321-whatsapp.png"")",FALSE,FALSE,Social,,,"network, social media, message, messaging, fb, meta, chat",outlined/social/whatsapp,outlined,147:1479,321-whatsapp.png
322,To Do,ev_charger,"=IMAGE(""https://raw.githubusercontent.com/zezorzan/zeroheight-integration-test/main/icon-previews-remaining/322-ev_charger.png"")",FALSE,FALSE,Categories,,,"electric, vehicle, charging, station, car",outlined/categories/travel/ev_charger,outlined,147:2157,322-ev_charger.png
323,To Do,gift_cards,"=IMAGE(""https://raw.githubusercontent.com/zezorzan/zeroheight-integration-test/main/icon-previews-remaining/323-gift_cards.png"")",FALSE,FALSE,Objects,,,"card, cartão, gift, present, surprise, bonus, bow",outlined/objects/other/gift_cards,outlined,188:1191,323-gift_cards.png
324,To Do,shield_warning,"=IMAGE(""https://raw.githubusercontent.com/zezorzan/zeroheight-integration-test/main/icon-previews-remaining/324-shield_warning.png"")",FALSE,FALSE,Objects,,,"Exclamation, protection, alert, important, attention, unsafe",outlined/objects/security/shield_warning,outlined,147:1826,324-shield_warning.png
325,To Do,stretching,"=IMAGE(""https://raw.githubusercontent.com/zezorzan/zeroheight-integration-test/main/icon-previews-remaining/325-stretching.png"")",FALSE,FALSE,Categories,,,"exercise, exercício, ejercicio, flexibilidad, postura, alongamento, health",outlined/categories/travel/stretching,outlined,7791:2336,325-stretching.png
326,To Do,cpf,"=IMAGE(""https://raw.githubusercontent.com/zezorzan/zeroheight-integration-test/main/icon-previews-remaining/326-cpf.png"")",FALSE,FALSE,Objects,,,"id, tag, document, info, profile",outlined/objects/other/cpf,outlined,147:1609,326-cpf.png
327,To Do,horizontal_virtual_card,"=IMAGE(""https://raw.githubusercontent.com/zezorzan/zeroheight-integration-test/main/icon-previews-remaining/327-horizontal_virtual_card.png"")",FALSE,FALSE,Financial,,,"cartão, roxinho, moradita, tarjeta, virtual, dotted",outlined/financial/cards/horizontal_virtual_card,outlined,147:1898,327-horizontal_virtual_card.png
328,To Do,bike,"=IMAGE(""https://raw.githubusercontent.com/zezorzan/zeroheight-integration-test/main/icon-previews-remaining/328-bike.png"")",FALSE,FALSE,Categories,,,"cycling, bicicleta, bici, transporte, movilidad",outlined/categories/travel/bike,outlined,7791:2312,328-bike.png
329,To Do,curative,"=IMAGE(""https://raw.githubusercontent.com/zezorzan/zeroheight-integration-test/main/icon-previews-remaining/329-curative.png"")",FALSE,FALSE,Objects,,,"health, insurance, care, hurt, bruised, tool, curative",outlined/objects/health/curative,outlined,6438:1733,329-curative.png
330,To Do,eiffel_tower,"=IMAGE(""https://raw.githubusercontent.com/zezorzan/zeroheight-integration-test/main/icon-previews-remaining/330-eiffel_tower.png"")",FALSE,FALSE,Categories,,,"france, frança, francia, paris, arquitectura, monumento",outlined/categories/travel/eiffel_tower,outlined,7791:2318,330-eiffel_tower.png
331,To Do,car_glass_spark,"=IMAGE(""https://raw.githubusercontent.com/zezorzan/zeroheight-integration-test/main/icon-previews-remaining/331-car_glass_spark.png"")",FALSE,FALSE,Objects,,,"transport, vehicle, short, door, clean, new, porta",outlined/objects/transport/car_glass_spark,outlined,147:1805,331-car_glass_spark.png
332,To Do,card_receveid,"=IMAGE(""https://raw.githubusercontent.com/zezorzan/zeroheight-integration-test/main/icon-previews-remaining/332-card_receveid.png"")",FALSE,FALSE,Financial,,,"additional card, card received, owner, holder, hand",outlined/financial/cards/card_receveid,outlined,4753:1692,332-card_receveid.png
333,To Do,laptop,"=IMAGE(""https://raw.githubusercontent.com/zezorzan/zeroheight-integration-test/main/icon-previews-remaining/333-laptop.png"")",FALSE,FALSE,Categories,,,"work, trabalho, trabajo, portátil, oficina, pc, computer",outlined/categories/travel/laptop,outlined,7791:2320,333-laptop.png
334,To Do,shapes_box,"=IMAGE(""https://raw.githubusercontent.com/zezorzan/zeroheight-integration-test/main/icon-previews-remaining/334-shapes_box.png"")",FALSE,FALSE,Objects,,,"triangle, square, circle, geometric, items, stuff, etfs, etf, equities, equity",outlined/objects/other/shapes_box,outlined,147:1703,334-shapes_box.png
335,To Do,restaurant,"=IMAGE(""https://raw.githubusercontent.com/zezorzan/zeroheight-integration-test/main/icon-previews-remaining/335-restaurant.png"")",FALSE,FALSE,Categories,,,"food, bowl, meal, hashi, chopsticks, tigela",outlined/categories/transactions/restaurant,outlined,147:2046,335-restaurant.png
336,To Do,car_shield,"=IMAGE(""https://raw.githubusercontent.com/zezorzan/zeroheight-integration-test/main/icon-previews-remaining/336-car_shield.png"")",FALSE,FALSE,Objects,,,"transport, vehicle, short, safe, safety, protection, security, trustworthy, badge, insurance",outlined/objects/transport/car_shield,outlined,147:1793,336-car_shield.png
337,To Do,twitter,"=IMAGE(""https://raw.githubusercontent.com/zezorzan/zeroheight-integration-test/main/icon-previews-remaining/337-twitter.png"")",FALSE,FALSE,Social,,,"network, social media, tweet",outlined/social/twitter,outlined,147:1475,337-twitter.png
338,To Do,international_transfer,"=IMAGE(""https://raw.githubusercontent.com/zezorzan/zeroheight-integration-test/main/icon-previews-remaining/338-international_transfer.png"")",FALSE,FALSE,Financial,,,"globe, global, network, arrow, up, out, outcome",outlined/financial/other/international_transfer,outlined,147:1957,338-international_transfer.png
339,To Do,co2_alarm,"=IMAGE(""https://raw.githubusercontent.com/zezorzan/zeroheight-integration-test/main/icon-previews-remaining/339-co2_alarm.png"")",FALSE,FALSE,Categories,,,"fire, smoke, detector, carbon, monoxide, safety, security",outlined/categories/travel/co2_alarm,outlined,147:2130,339-co2_alarm.png
340,To Do,square,"=IMAGE(""https://raw.githubusercontent.com/zezorzan/zeroheight-integration-test/main/icon-previews-remaining/340-square.png"")",FALSE,FALSE,Actions,,,"stop, shape",outlined/actions/common actions/square,outlined,147:1650,340-square.png
341,To Do,horizontal_card,"=IMAGE(""https://raw.githubusercontent.com/zezorzan/zeroheight-integration-test/main/icon-previews-remaining/341-horizontal_card.png"")",FALSE,FALSE,Financial,,,"cartão, roxinho, moradita, tarjeta",outlined/financial/cards/horizontal_card,outlined,147:1892,341-horizontal_card.png
342,To Do,smartphone_lock,"=IMAGE(""https://raw.githubusercontent.com/zezorzan/zeroheight-integration-test/main/icon-previews-remaining/342-smartphone_lock.png"")",FALSE,FALSE,Objects,,,"device, mobile, celular, lock, blocked, cadeado, safe, secure, security, safety",outlined/objects/security/smartphone_lock,outlined,147:1512,342-smartphone_lock.png
343,To Do,interest,"=IMAGE(""https://raw.githubusercontent.com/zezorzan/zeroheight-integration-test/main/icon-previews-remaining/343-interest.png"")",FALSE,FALSE,Financial,,,"percentage, math",outlined/financial/other/interest,outlined,147:1911,343-interest.png
344,To Do,nu_logo,"=IMAGE(""https://raw.githubusercontent.com/zezorzan/zeroheight-integration-test/main/icon-previews-remaining/344-nu_logo.png"")",FALSE,FALSE,Logos,,,"nubank, logotype, logomark, brand, logomarca, logotipo",outlined/logos/nu_logo,outlined,147:1943,344-nu_logo.png
345,To Do,shop_search,"=IMAGE(""https://raw.githubusercontent.com/zezorzan/zeroheight-integration-test/main/icon-previews-remaining/345-shop_search.png"")",FALSE,FALSE,Products,,,"nupay, shop, search, bag",outlined/products/shop_search,outlined,23677:2088,345-shop_search.png
346,To Do,bitcoin,"=IMAGE(""https://raw.githubusercontent.com/zezorzan/zeroheight-integration-test/main/icon-previews-remaining/346-bitcoin.png"")",FALSE,FALSE,Products,,,"bitcoin, crypto, coin",outlined/products/bitcoin,outlined,21644:2113,346-bitcoin.png
347,To Do,single_bed,"=IMAGE(""https://raw.githubusercontent.com/zezorzan/zeroheight-integration-test/main/icon-previews-remaining/347-single_bed.png"")",FALSE,FALSE,Categories,,,"hotel, sleep, furniture, bedroom, mattress",outlined/categories/travel/single_bed,outlined,147:2121,347-single_bed.png
348,To Do,close_mini,"=IMAGE(""https://raw.githubusercontent.com/zezorzan/zeroheight-integration-test/main/icon-previews-remaining/348-close_mini.png"")",FALSE,FALSE,UI Actions,,,"x, cerrar, fechar, cancel",outlined/ui actions/navigation/close_mini,outlined,147:1442,348-close_mini.png
349,To Do,half_dotted_circle,"=IMAGE(""https://raw.githubusercontent.com/zezorzan/zeroheight-integration-test/main/icon-previews-remaining/349-half_dotted_circle.png"")",FALSE,FALSE,Actions,,,"pending, task, requirement, validation, in progress, empty",[Magic] outlined/actions/feedbacks/half_dotted_circle,outlined,27082:2122,349-half_dotted_circle.png
350,To Do,face_scan,"=IMAGE(""https://raw.githubusercontent.com/zezorzan/zeroheight-integration-test/main/icon-previews-remaining/350-face_scan.png"")",FALSE,FALSE,Human,,,"biometry, authentication, face, scan, recognition",[Magic] outlined/human/face_scan,outlined,5374:147,350-face_scan.png
