#,Status,Name,Preview,Filled,Animated,Category,Creative Freedom,Brief,Keywords
140,To Do,bar_code_search,"=IMAGE(""https://raw.githubusercontent.com/zezorzan/zeroheight-integration-test/main/icon-previews-remaining/140-bar_code_search.png"")",FALSE,FALSE,Financial,,,"barcode, search, find, payment, boleto, buscados, localizar, pagamento, DDA"
141,To Do,car,"=IMAGE(""https://raw.githubusercontent.com/zezorzan/zeroheight-integration-test/main/icon-previews-remaining/141-car.png"")",FALSE,FALSE,Objects,,,"transport, vehicle, short"
142,To Do,calculator,"=IMAGE(""https://raw.githubusercontent.com/zezorzan/zeroheight-integration-test/main/icon-previews-remaining/142-calculator.png"")",FALSE,FALSE,Financial,,,"balance, simulate, simulation, test, try, calculate, math"
143,To Do,sort,"=IMAGE(""https://raw.githubusercontent.com/zezorzan/zeroheight-integration-test/main/icon-previews-remaining/143-sort.png"")",FALSE,FALSE,UI Actions,,,"filter, funnel"
144,To Do,private_banker,"=IMAGE(""https://raw.githubusercontent.com/zezorzan/zeroheight-integration-test/main/icon-previews-remaining/144-private_banker.png"")",TRUE,FALSE,Products,,,"private banker, pb, private, lila"
145,To Do,sentiment_very_satisfied,"=IMAGE(""https://raw.githubusercontent.com/zezorzan/zeroheight-integration-test/main/icon-previews-remaining/145-sentiment_very_satisfied.png"")",FALSE,FALSE,Actions,,,"emoji, smiley, emotion, face, happy, smile, lauch, amazed, joyful, overjoyed"
146,To Do,attachment,"=IMAGE(""https://raw.githubusercontent.com/zezorzan/zeroheight-integration-test/main/icon-previews-remaining/146-attachment.png"")",FALSE,FALSE,UI Actions,,,"file, office, clip, anexo"
147,To Do,user_inside,"=IMAGE(""https://raw.githubusercontent.com/zezorzan/zeroheight-integration-test/main/icon-previews-remaining/147-user_inside.png"")",FALSE,FALSE,Objects,,,"modo rua, house, home, person"
148,To Do,sunset,"=IMAGE(""https://raw.githubusercontent.com/zezorzan/zeroheight-integration-test/main/icon-previews-remaining/148-sunset.png"")",FALSE,FALSE,Objects,,,"sunset, afternoon, twilight, nightfall, fim do dia, tarde, crepúsculo, sundown, golden hour"
149,To Do,locker,"=IMAGE(""https://raw.githubusercontent.com/zezorzan/zeroheight-integration-test/main/icon-previews-remaining/149-locker.png"")",FALSE,FALSE,Categories,,,"security, segurança, seguridad, armario, almacenamiento, armazenamento"
150,To Do,test_tube,"=IMAGE(""https://raw.githubusercontent.com/zezorzan/zeroheight-integration-test/main/icon-previews-remaining/150-test_tube.png"")",FALSE,FALSE,Objects,,,"tube, test, blood, lab"
151,To Do,phone_down,"=IMAGE(""https://raw.githubusercontent.com/zezorzan/zeroheight-integration-test/main/icon-previews-remaining/151-phone_down.png"")",FALSE,FALSE,System,,,"call, end, hang up, hang off"
152,To Do,buildings,"=IMAGE(""https://raw.githubusercontent.com/zezorzan/zeroheight-integration-test/main/icon-previews-remaining/152-buildings.png"")",FALSE,FALSE,Objects,,,"office, city, flat, neighborhood, imóvel, real estate, investimento, imobiliário, fiis, fii, fundo, equities, equity"
153,To Do,water,"=IMAGE(""https://raw.githubusercontent.com/zezorzan/zeroheight-integration-test/main/icon-previews-remaining/153-water.png"")",FALSE,FALSE,Categories,,,"bill, drop, moist"
154,To Do,lightbulb,"=IMAGE(""https://raw.githubusercontent.com/zezorzan/zeroheight-integration-test/main/icon-previews-remaining/154-lightbulb.png"")",FALSE,FALSE,Categories,,,"idea, lamp, electricity, bill"
155,To Do,christ_the_redeemer,"=IMAGE(""https://raw.githubusercontent.com/zezorzan/zeroheight-integration-test/main/icon-previews-remaining/155-christ_the_redeemer.png"")",FALSE,FALSE,Categories,,,"tourism, turismo, brasil, brazil, monumento, paisaje"
156,To Do,business,"=IMAGE(""https://raw.githubusercontent.com/zezorzan/zeroheight-integration-test/main/icon-previews-remaining/156-business.png"")",FALSE,FALSE,Objects,,,"business, conta pj, bussiness account"
157,To Do,user_email,"=IMAGE(""https://raw.githubusercontent.com/zezorzan/zeroheight-integration-test/main/icon-previews-remaining/157-user_email.png"")",FALSE,FALSE,Human,,,"person, avatar, profile, message, letter, invitation, invite, mail, mgm"
158,To Do,trophy,"=IMAGE(""https://raw.githubusercontent.com/zezorzan/zeroheight-integration-test/main/icon-previews-remaining/158-trophy.png"")",FALSE,FALSE,Objects,,,"prize, award, success, gift, champion, competition, winner, sports, achievement, reward"
159,To Do,car_settings,"=IMAGE(""https://raw.githubusercontent.com/zezorzan/zeroheight-integration-test/main/icon-previews-remaining/159-car_settings.png"")",FALSE,FALSE,Objects,,,"transport, vehicle, short, cog, adjustments, configuration, nut"
160,To Do,ribbon,"=IMAGE(""https://raw.githubusercontent.com/zezorzan/zeroheight-integration-test/main/icon-previews-remaining/160-ribbon.png"")",FALSE,FALSE,Objects,,,"ribbon, death, reminder"
161,To Do,bus,"=IMAGE(""https://raw.githubusercontent.com/zezorzan/zeroheight-integration-test/main/icon-previews-remaining/161-bus.png"")",FALSE,FALSE,Objects,,,"ônibus, transport, travel, veículo, vehicle, big, tall"
162,To Do,paw,"=IMAGE(""https://raw.githubusercontent.com/zezorzan/zeroheight-integration-test/main/icon-previews-remaining/162-paw.png"")",FALSE,FALSE,Categories,,,"pets, cats, dogs, animais, estimação"
163,To Do,popcorn,"=IMAGE(""https://raw.githubusercontent.com/zezorzan/zeroheight-integration-test/main/icon-previews-remaining/163-popcorn.png"")",FALSE,FALSE,Categories,,,"movie, cinema, cine, palomitas, snack, filme, pipoca"
164,To Do,nu-id,"=IMAGE(""https://raw.githubusercontent.com/zezorzan/zeroheight-integration-test/main/icon-previews-remaining/164-nu-id.png"")",FALSE,FALSE,Financial,,,
165,To Do,drag_arrows,"=IMAGE(""https://raw.githubusercontent.com/zezorzan/zeroheight-integration-test/main/icon-previews-remaining/165-drag_arrows.png"")",FALSE,FALSE,UI Actions,,,"open, expand, more, chevron, show"
166,To Do,horizontal_card_transfer_limits,"=IMAGE(""https://raw.githubusercontent.com/zezorzan/zeroheight-integration-test/main/icon-previews-remaining/166-horizontal_card_transfer_limits.png"")",FALSE,FALSE,Financial,,,"cartão, roxinho, moradita, tarjeta, arrows"
167,To Do,toll,"=IMAGE(""https://raw.githubusercontent.com/zezorzan/zeroheight-integration-test/main/icon-previews-remaining/167-toll.png"")",FALSE,FALSE,Objects,,,"car, parking lot, ticket gate, vehicle"
168,To Do,placeholder,"=IMAGE(""https://raw.githubusercontent.com/zezorzan/zeroheight-integration-test/main/icon-previews-remaining/168-placeholder.png"")",FALSE,FALSE,Actions,,,"dotted, square, empty"
169,To Do,passport,"=IMAGE(""https://raw.githubusercontent.com/zezorzan/zeroheight-integration-test/main/icon-previews-remaining/169-passport.png"")",FALSE,FALSE,Categories,,,"document, documento, pasaporte, identidad, viaje"
170,To Do,refinance,"=IMAGE(""https://raw.githubusercontent.com/zezorzan/zeroheight-integration-test/main/icon-previews-remaining/170-refinance.png"")",FALSE,FALSE,Financial,,,"update, refresh, reload, change, exchange, rotate, rotation, arrow, money, dollar, sign"
171,To Do,money_heart,"=IMAGE(""https://raw.githubusercontent.com/zezorzan/zeroheight-integration-test/main/icon-previews-remaining/171-money_heart.png"")",FALSE,FALSE,Financial,,,"money, finances, financial health"
172,To Do,video_off,"=IMAGE(""https://raw.githubusercontent.com/zezorzan/zeroheight-integration-test/main/icon-previews-remaining/172-video_off.png"")",FALSE,FALSE,System,,,"camera, recording, slash"
173,To Do,running_shoes,"=IMAGE(""https://raw.githubusercontent.com/zezorzan/zeroheight-integration-test/main/icon-previews-remaining/173-running_shoes.png"")",FALSE,FALSE,Categories,,,"sport, esporte, deporte, zapatillas, fitness, corrida, exercicio, tênis, pé, quick"
174,To Do,money_protected,"=IMAGE(""https://raw.githubusercontent.com/zezorzan/zeroheight-integration-test/main/icon-previews-remaining/174-money_protected.png"")",FALSE,FALSE,Objects,,,"cdb, fixed income, money protection, security, trustworthy, renda fixa, fgc"
175,To Do,elevator,"=IMAGE(""https://raw.githubusercontent.com/zezorzan/zeroheight-integration-test/main/icon-previews-remaining/175-elevator.png"")",FALSE,FALSE,Categories,,,"accessibility, building, floor"
176,To Do,microphone_off,"=IMAGE(""https://raw.githubusercontent.com/zezorzan/zeroheight-integration-test/main/icon-previews-remaining/176-microphone_off.png"")",FALSE,FALSE,System,,,"voice, off, closed, slash, mute"
177,To Do,global_physical_card,"=IMAGE(""https://raw.githubusercontent.com/zezorzan/zeroheight-integration-test/main/icon-previews-remaining/177-global_physical_card.png"")",FALSE,FALSE,Financial,,,"cartão, roxinho, global, vertical, físico"
178,To Do,meal,"=IMAGE(""https://raw.githubusercontent.com/zezorzan/zeroheight-integration-test/main/icon-previews-remaining/178-meal.png"")",FALSE,FALSE,Categories,,,"fork, knife, food, voucher, restaurant, cutlery"
179,To Do,soccer_ball,"=IMAGE(""https://raw.githubusercontent.com/zezorzan/zeroheight-integration-test/main/icon-previews-remaining/179-soccer_ball.png"")",FALSE,FALSE,Objects,,,"football, futebol, world cup, copa do mundo, sports"
180,To Do,blender,"=IMAGE(""https://raw.githubusercontent.com/zezorzan/zeroheight-integration-test/main/icon-previews-remaining/180-blender.png"")",FALSE,FALSE,Categories,,,"kitchen, appliance, food"
181,To Do,triangle_down,"=IMAGE(""https://raw.githubusercontent.com/zezorzan/zeroheight-integration-test/main/icon-previews-remaining/181-triangle_down.png"")",TRUE,FALSE,Actions,,,"yield, attention, critical, investment, crypto, money box"
182,To Do,dishwasher,"=IMAGE(""https://raw.githubusercontent.com/zezorzan/zeroheight-integration-test/main/icon-previews-remaining/182-dishwasher.png"")",FALSE,FALSE,Categories,,,"kitchen, appliance, cleaning, cutlery"
183,To Do,leaf,"=IMAGE(""https://raw.githubusercontent.com/zezorzan/zeroheight-integration-test/main/icon-previews-remaining/183-leaf.png"")",FALSE,FALSE,Objects,,,leaf
184,To Do,armchair,"=IMAGE(""https://raw.githubusercontent.com/zezorzan/zeroheight-integration-test/main/icon-previews-remaining/184-armchair.png"")",FALSE,FALSE,Objects,,,"chair, furniture, home"
185,To Do,fan,"=IMAGE(""https://raw.githubusercontent.com/zezorzan/zeroheight-integration-test/main/icon-previews-remaining/185-fan.png"")",FALSE,FALSE,Categories,,,"airflow, ventilation, cooling, heat"
186,To Do,youtube,"=IMAGE(""https://raw.githubusercontent.com/zezorzan/zeroheight-integration-test/main/icon-previews-remaining/186-youtube.png"")",FALSE,FALSE,Social,,,"network, social media, video, google, shorts"
187,To Do,card_shield,"=IMAGE(""https://raw.githubusercontent.com/zezorzan/zeroheight-integration-test/main/icon-previews-remaining/187-card_shield.png"")",FALSE,FALSE,Financial,,,"card, roxinho, vertical, shield, insurance, secure, safe, protect, safety"
188,To Do,gem,"=IMAGE(""https://raw.githubusercontent.com/zezorzan/zeroheight-integration-test/main/icon-previews-remaining/188-gem.png"")",FALSE,FALSE,Financial,,,"pedacinho, crystal, jewel, geo"
189,To Do,flag,"=IMAGE(""https://raw.githubusercontent.com/zezorzan/zeroheight-integration-test/main/icon-previews-remaining/189-flag.png"")",FALSE,FALSE,Objects,,,"priority, attention, warning, importance, important, red flag"
190,To Do,first_aid,"=IMAGE(""https://raw.githubusercontent.com/zezorzan/zeroheight-integration-test/main/icon-previews-remaining/190-first_aid.png"")",FALSE,FALSE,Categories,,,"briefcase, kit, medical, emergency, medicine"
191,To Do,home_temporary,"=IMAGE(""https://raw.githubusercontent.com/zezorzan/zeroheight-integration-test/main/icon-previews-remaining/191-home_temporary.png"")",FALSE,FALSE,Objects,,,"insurance, coverage, house, temporary, time, clock, casa"
192,To Do,phone_outgoing,"=IMAGE(""https://raw.githubusercontent.com/zezorzan/zeroheight-integration-test/main/icon-previews-remaining/192-phone_outgoing.png"")",FALSE,FALSE,System,,,"phone, ligação, quero ligar, call, make a call, outgoing"
193,To Do,anticipate_installments,"=IMAGE(""https://raw.githubusercontent.com/zezorzan/zeroheight-integration-test/main/icon-previews-remaining/193-anticipate_installments.png"")",FALSE,FALSE,Financial,,,"rewind, past, steps, back"
194,To Do,linkedin,"=IMAGE(""https://raw.githubusercontent.com/zezorzan/zeroheight-integration-test/main/icon-previews-remaining/194-linkedin.png"")",FALSE,FALSE,Social,,,"network, social media, curriculum, resume"
195,To Do,lifestyle,"=IMAGE(""https://raw.githubusercontent.com/zezorzan/zeroheight-integration-test/main/icon-previews-remaining/195-lifestyle.png"")",FALSE,FALSE,Products,,,"lifestyle, travels, flight, shopping"
196,To Do,shopping_cart,"=IMAGE(""https://raw.githubusercontent.com/zezorzan/zeroheight-integration-test/main/icon-previews-remaining/196-shopping_cart.png"")",FALSE,FALSE,Categories,,,"buy, carrinho, supermarket"
197,To Do,refresh,"=IMAGE(""https://raw.githubusercontent.com/zezorzan/zeroheight-integration-test/main/icon-previews-remaining/197-refresh.png"")",FALSE,FALSE,UI Actions,,,"reload, rotate, rotation, arrow, loop, try again, retry, replay"
198,To Do,drink,"=IMAGE(""https://raw.githubusercontent.com/zezorzan/zeroheight-integration-test/main/icon-previews-remaining/198-drink.png"")",FALSE,FALSE,Categories,,,"cocktail, bar, martini, party, beverage, cosmopolitan"
199,To Do,overdraft,"=IMAGE(""https://raw.githubusercontent.com/zezorzan/zeroheight-integration-test/main/icon-previews-remaining/199-overdraft.png"")",FALSE,FALSE,Products,,,"money, lending, borrow, limit"
200,To Do,refund_temporary,"=IMAGE(""https://raw.githubusercontent.com/zezorzan/zeroheight-integration-test/main/icon-previews-remaining/200-refund_temporary.png"")",FALSE,FALSE,Financial,,,"refund, reimbursement, trusted deposit, chargeback"
201,To Do,change_contract,"=IMAGE(""https://raw.githubusercontent.com/zezorzan/zeroheight-integration-test/main/icon-previews-remaining/201-change_contract.png"")",FALSE,FALSE,Objects,,,"paper, file, terms, contract, portability, change"
202,To Do,nucoin_level2,"=IMAGE(""https://raw.githubusercontent.com/zezorzan/zeroheight-integration-test/main/icon-previews-remaining/202-nucoin_level2.png"")",FALSE,FALSE,Products,,,"nucoin, level, loyalty"
203,To Do,divide,"=IMAGE(""https://raw.githubusercontent.com/zezorzan/zeroheight-integration-test/main/icon-previews-remaining/203-divide.png"")",FALSE,FALSE,Actions,,,"division, defer, split, break"
204,To Do,user_inside_off,"=IMAGE(""https://raw.githubusercontent.com/zezorzan/zeroheight-integration-test/main/icon-previews-remaining/204-user_inside_off.png"")",FALSE,FALSE,Objects,,,"modo rua, house, home, person"
205,To Do,torii,"=IMAGE(""https://raw.githubusercontent.com/zezorzan/zeroheight-integration-test/main/icon-previews-remaining/205-torii.png"")",FALSE,FALSE,Categories,,,"japan, japão, japón, templo, espiritualidade"
207,To Do,horizontal_card_transfer,"=IMAGE(""https://raw.githubusercontent.com/zezorzan/zeroheight-integration-test/main/icon-previews-remaining/207-horizontal_card_transfer.png"")",FALSE,FALSE,Financial,,,"card, credit, transfer"
208,To Do,send,"=IMAGE(""https://raw.githubusercontent.com/zezorzan/zeroheight-integration-test/main/icon-previews-remaining/208-send.png"")",FALSE,FALSE,Actions,,,"message, dm, chat, paper plane, direct"
209,To Do,threads,"=IMAGE(""https://raw.githubusercontent.com/zezorzan/zeroheight-integration-test/main/icon-previews-remaining/209-threads.png"")",FALSE,FALSE,Actions,,,
210,To Do,clean,"=IMAGE(""https://raw.githubusercontent.com/zezorzan/zeroheight-integration-test/main/icon-previews-remaining/210-clean.png"")",FALSE,FALSE,Categories,,,"broom, sweep"
211,To Do,calendar_edit,"=IMAGE(""https://raw.githubusercontent.com/zezorzan/zeroheight-integration-test/main/icon-previews-remaining/211-calendar_edit.png"")",FALSE,FALSE,Objects,,,"date, year, month, day, schedule, event, edit, change, exclamation"
212,To Do,snack,"=IMAGE(""https://raw.githubusercontent.com/zezorzan/zeroheight-integration-test/main/icon-previews-remaining/212-snack.png"")",FALSE,FALSE,Categories,,,"food, comida, lanche, merienda, refrigerio, biscoito, saco, embalagem, quick"
213,To Do,smartphone_broken,"=IMAGE(""https://raw.githubusercontent.com/zezorzan/zeroheight-integration-test/main/icon-previews-remaining/213-smartphone_broken.png"")",FALSE,FALSE,Objects,,,"device, mobile, celular, broken"
214,To Do,computer_plus,"=IMAGE(""https://raw.githubusercontent.com/zezorzan/zeroheight-integration-test/main/icon-previews-remaining/214-computer_plus.png"")",FALSE,FALSE,Objects,,,"technology, tecnologia, computadora, computador, agregar, digital, pc"
215,To Do,soap_bottle,"=IMAGE(""https://raw.githubusercontent.com/zezorzan/zeroheight-integration-test/main/icon-previews-remaining/215-soap_bottle.png"")",FALSE,FALSE,Categories,,,"bathroom, cuidados pessoais, self care, dispenser"
216,To Do,computer,"=IMAGE(""https://raw.githubusercontent.com/zezorzan/zeroheight-integration-test/main/icon-previews-remaining/216-computer.png"")",FALSE,FALSE,Categories,,,"monitor, desktop, pc, macbook, imac, device, hardware"
217,To Do,calendar_renew,"=IMAGE(""https://raw.githubusercontent.com/zezorzan/zeroheight-integration-test/main/icon-previews-remaining/217-calendar_renew.png"")",FALSE,FALSE,Objects,,,"subscriptions, renew, payments, date, year, month, day, schedule, event"
218,To Do,image,"=IMAGE(""https://raw.githubusercontent.com/zezorzan/zeroheight-integration-test/main/icon-previews-remaining/218-image.png"")",FALSE,FALSE,Actions,,,"image, picture, photo, gallery"
219,To Do,computer_fix,"=IMAGE(""https://raw.githubusercontent.com/zezorzan/zeroheight-integration-test/main/icon-previews-remaining/219-computer_fix.png"")",FALSE,FALSE,Objects,,,"insurance, assistance, computer, fix, screen"
220,To Do,pool,"=IMAGE(""https://raw.githubusercontent.com/zezorzan/zeroheight-integration-test/main/icon-previews-remaining/220-pool.png"")",FALSE,FALSE,Categories,,,"swimming, ladder"
221,To Do,kid_toy,"=IMAGE(""https://raw.githubusercontent.com/zezorzan/zeroheight-integration-test/main/icon-previews-remaining/221-kid_toy.png"")",FALSE,FALSE,Categories,,,"child, baby, playpen, children, play, fun, learning, infant"
222,To Do,tag,"=IMAGE(""https://raw.githubusercontent.com/zezorzan/zeroheight-integration-test/main/icon-previews-remaining/222-tag.png"")",FALSE,FALSE,Actions,,,"price tag, plus, create, more, include, new, input"
223,To Do,card_transfer_limits,"=IMAGE(""https://raw.githubusercontent.com/zezorzan/zeroheight-integration-test/main/icon-previews-remaining/223-card_transfer_limits.png"")",FALSE,FALSE,Financial,,,"cartão, roxinho, arrows"
224,To Do,tools,"=IMAGE(""https://raw.githubusercontent.com/zezorzan/zeroheight-integration-test/main/icon-previews-remaining/224-tools.png"")",FALSE,FALSE,Categories,,,"wrench, build, service, screwdriver, fix, chave"
225,To Do,wind,"=IMAGE(""https://raw.githubusercontent.com/zezorzan/zeroheight-integration-test/main/icon-previews-remaining/225-wind.png"")",FALSE,FALSE,Objects,,,"insurance, coverage, wind, elements, drift"
226,To Do,gmail,"=IMAGE(""https://raw.githubusercontent.com/zezorzan/zeroheight-integration-test/main/icon-previews-remaining/226-gmail.png"")",FALSE,FALSE,Social,,,"network, e-mail, gmail, message, messaging, google"
227,To Do,sentiment_very_dissatisfied,"=IMAGE(""https://raw.githubusercontent.com/zezorzan/zeroheight-integration-test/main/icon-previews-remaining/227-sentiment_very_dissatisfied.png"")",FALSE,FALSE,Actions,,,"emoji, smiley, emotion, face, anguished, worried, oh no, shocked, bad"
228,To Do,games,"=IMAGE(""https://raw.githubusercontent.com/zezorzan/zeroheight-integration-test/main/icon-previews-remaining/228-games.png"")",FALSE,FALSE,Categories,,,"console, leisure, fun, play, stick"
229,To Do,video,"=IMAGE(""https://raw.githubusercontent.com/zezorzan/zeroheight-integration-test/main/icon-previews-remaining/229-video.png"")",FALSE,FALSE,System,,,"camera, recording"
230,To Do,car_collision,"=IMAGE(""https://raw.githubusercontent.com/zezorzan/zeroheight-integration-test/main/icon-previews-remaining/230-car_collision.png"")",FALSE,FALSE,Objects,,,"transport, vehicle, short, crash, accident"
231,To Do,sunglasses,"=IMAGE(""https://raw.githubusercontent.com/zezorzan/zeroheight-integration-test/main/icon-previews-remaining/231-sunglasses.png"")",FALSE,FALSE,Categories,,,"accessory, acessório, accesorio, sol, verano, sun, summer, verão, calor, festival, óculos escuros, shade"
232,To Do,phone_incoming,"=IMAGE(""https://raw.githubusercontent.com/zezorzan/zeroheight-integration-test/main/icon-previews-remaining/232-phone_incoming.png"")",FALSE,FALSE,System,,,"call, answer, ligação"
233,To Do,user_arrow_down,"=IMAGE(""https://raw.githubusercontent.com/zezorzan/zeroheight-integration-test/main/icon-previews-remaining/233-user_arrow_down.png"")",FALSE,FALSE,Human,,,"person, avatar, profile, seta, upload, out, share, shared, data"
234,To Do,coffee,"=IMAGE(""https://raw.githubusercontent.com/zezorzan/zeroheight-integration-test/main/icon-previews-remaining/234-coffee.png"")",FALSE,FALSE,Categories,,,"breakfast, tea, mug, cup"
235,To Do,thumbs_down,"=IMAGE(""https://raw.githubusercontent.com/zezorzan/zeroheight-integration-test/main/icon-previews-remaining/235-thumbs_down.png"")",FALSE,FALSE,Actions,,,"dislike, finger, hand, disapproved"
236,To Do,thief,"=IMAGE(""https://raw.githubusercontent.com/zezorzan/zeroheight-integration-test/main/icon-previews-remaining/236-thief.png"")",FALSE,FALSE,Objects,,,"insurance, coverage, thief, theft, robbery, mask"
237,To Do,esim,"=IMAGE(""https://raw.githubusercontent.com/zezorzan/zeroheight-integration-test/main/icon-previews-remaining/237-esim.png"")",FALSE,FALSE,Objects,,,
238,To Do,mountains,"=IMAGE(""https://raw.githubusercontent.com/zezorzan/zeroheight-integration-test/main/icon-previews-remaining/238-mountains.png"")",FALSE,FALSE,Categories,,,"nature, natureza, naturaleza, aventura, trekking, montanha, paisaje"
239,To Do,airplane_takeoff,"=IMAGE(""https://raw.githubusercontent.com/zezorzan/zeroheight-integration-test/main/icon-previews-remaining/239-airplane_takeoff.png"")",FALSE,FALSE,Categories,,,"travel, viagem, vuelo, avión, aeropuerto, aeroporto, decolar"
240,To Do,bathtub,"=IMAGE(""https://raw.githubusercontent.com/zezorzan/zeroheight-integration-test/main/icon-previews-remaining/240-bathtub.png"")",FALSE,FALSE,Categories,,,"bathroom, shower, plumbing, relax"
241,To Do,wheelchair,"=IMAGE(""https://raw.githubusercontent.com/zezorzan/zeroheight-integration-test/main/icon-previews-remaining/241-wheelchair.png"")",FALSE,FALSE,Human,,,"chair, wheels, accessibility, a11y, accessible, user, person"
242,To Do,facebook,"=IMAGE(""https://raw.githubusercontent.com/zezorzan/zeroheight-integration-test/main/icon-previews-remaining/242-facebook.png"")",FALSE,FALSE,Social,,,"network, social media, meta, fb"
243,To Do,volume_up_filled,"=IMAGE(""https://raw.githubusercontent.com/zezorzan/zeroheight-integration-test/main/icon-previews-remaining/243-volume_up_filled.png"")",TRUE,FALSE,System,,,"speaker, sound, megaphone, audio"
244,To Do,health,"=IMAGE(""https://raw.githubusercontent.com/zezorzan/zeroheight-integration-test/main/icon-previews-remaining/244-health.png"")",FALSE,FALSE,Categories,,,"cross, insurance, care, hospital"
245,To Do,facebook_messenger,"=IMAGE(""https://raw.githubusercontent.com/zezorzan/zeroheight-integration-test/main/icon-previews-remaining/245-facebook_messenger.png"")",FALSE,FALSE,Social,,,"network, social media, message, messaging, meta, fb, chat"
246,To Do,share_android,"=IMAGE(""https://raw.githubusercontent.com/zezorzan/zeroheight-integration-test/main/icon-previews-remaining/246-share_android.png"")",FALSE,FALSE,UI Actions,,,"network, hub, connection"
247,To Do,nucoin_level1,"=IMAGE(""https://raw.githubusercontent.com/zezorzan/zeroheight-integration-test/main/icon-previews-remaining/247-nucoin_level1.png"")",FALSE,FALSE,Products,,,"nucoin, level, loyalty"
248,To Do,crib,"=IMAGE(""https://raw.githubusercontent.com/zezorzan/zeroheight-integration-test/main/icon-previews-remaining/248-crib.png"")",FALSE,FALSE,Categories,,,"baby, bed, bassinet, cot, infant, furniture"
249,To Do,instagram,"=IMAGE(""https://raw.githubusercontent.com/zezorzan/zeroheight-integration-test/main/icon-previews-remaining/249-instagram.png"")",FALSE,FALSE,Social,,,"network, social media, instagram, meta, fb"
250,To Do,parking_sign,"=IMAGE(""https://raw.githubusercontent.com/zezorzan/zeroheight-integration-test/main/icon-previews-remaining/250-parking_sign.png"")",FALSE,FALSE,Objects,,,"transit, estacionamento, estacionar"
251,To Do,international_transfer_in,"=IMAGE(""https://raw.githubusercontent.com/zezorzan/zeroheight-integration-test/main/icon-previews-remaining/251-international_transfer_in.png"")",FALSE,FALSE,Financial,,,"globe, global, network, arrow, down, in, income"
252,To Do,nucoin_level5,"=IMAGE(""https://raw.githubusercontent.com/zezorzan/zeroheight-integration-test/main/icon-previews-remaining/252-nucoin_level5.png"")",FALSE,FALSE,Products,,,"nucoin, level, loyalty"
253,To Do,drag_handle,"=IMAGE(""https://raw.githubusercontent.com/zezorzan/zeroheight-integration-test/main/icon-previews-remaining/253-drag_handle.png"")",FALSE,FALSE,UI Actions,,,"equal, drop, area, arrastar, push, move"
254,To Do,add_circle,"=IMAGE(""https://raw.githubusercontent.com/zezorzan/zeroheight-integration-test/main/icon-previews-remaining/254-add_circle.png"")",FALSE,FALSE,Actions,,,"plus, create, more, include, new, input"
255,To Do,others,"=IMAGE(""https://raw.githubusercontent.com/zezorzan/zeroheight-integration-test/main/icon-previews-remaining/255-others.png"")",FALSE,FALSE,Categories,,,"categories, options, menu"
256,To Do,tree,"=IMAGE(""https://raw.githubusercontent.com/zezorzan/zeroheight-integration-test/main/icon-previews-remaining/256-tree.png"")",FALSE,FALSE,Categories,,,"nature, árvore, árbol, ecologia, bosque, wood, leaf, green"
257,To Do,car_plate,"=IMAGE(""https://raw.githubusercontent.com/zezorzan/zeroheight-integration-test/main/icon-previews-remaining/257-car_plate.png"")",FALSE,FALSE,Objects,,,"sign, license"
258,To Do,sentiment_dissatisfied,"=IMAGE(""https://raw.githubusercontent.com/zezorzan/zeroheight-integration-test/main/icon-previews-remaining/258-sentiment_dissatisfied.png"")",FALSE,FALSE,Actions,,,"emoji, smiley, emotion, face, bad, sad, disappointed"
259,To Do,ticket,"=IMAGE(""https://raw.githubusercontent.com/zezorzan/zeroheight-integration-test/main/icon-previews-remaining/259-ticket.png"")",FALSE,FALSE,Financial,,,"admit one, movie, cinema, entertainment, fun, coupon, cupon"
260,To Do,location_off,"=IMAGE(""https://raw.githubusercontent.com/zezorzan/zeroheight-integration-test/main/icon-previews-remaining/260-location_off.png"")",FALSE,FALSE,System,,,"pin, place, local, tracking, slash, off, disabled, stop"
261,To Do,spa,"=IMAGE(""https://raw.githubusercontent.com/zezorzan/zeroheight-integration-test/main/icon-previews-remaining/261-spa.png"")",FALSE,FALSE,Categories,,,"relax, massage, flower, lotus"
262,To Do,smartphone_vibration,"=IMAGE(""https://raw.githubusercontent.com/zezorzan/zeroheight-integration-test/main/icon-previews-remaining/262-smartphone_vibration.png"")",FALSE,FALSE,System,,,"phone, celular, teléfono, notificación, alerta, vibração, silencioso, vibración"
263,To Do,weights,"=IMAGE(""https://raw.githubusercontent.com/zezorzan/zeroheight-integration-test/main/icon-previews-remaining/263-weights.png"")",FALSE,FALSE,Categories,,,"gym, workout, training, fitness"
264,To Do,erase,"=IMAGE(""https://raw.githubusercontent.com/zezorzan/zeroheight-integration-test/main/icon-previews-remaining/264-erase.png"")",FALSE,FALSE,UI Actions,,,"borracha, correct, apagar, delete, fix"
265,To Do,pause,"=IMAGE(""https://raw.githubusercontent.com/zezorzan/zeroheight-integration-test/main/icon-previews-remaining/265-pause.png"")",FALSE,FALSE,Actions,,,"wait, pending"
266,To Do,unfold_less,"=IMAGE(""https://raw.githubusercontent.com/zezorzan/zeroheight-integration-test/main/icon-previews-remaining/266-unfold_less.png"")",FALSE,FALSE,UI Actions,,,"close, collapse, less, chevron, hide"
267,To Do,pos,"=IMAGE(""https://raw.githubusercontent.com/zezorzan/zeroheight-integration-test/main/icon-previews-remaining/267-pos.png"")",FALSE,FALSE,Financial,,,"maquininha, point of sale, payment, method"
268,To Do,bell_off,"=IMAGE(""https://raw.githubusercontent.com/zezorzan/zeroheight-integration-test/main/icon-previews-remaining/268-bell_off.png"")",FALSE,FALSE,System,,,"notification, sino, alert"
269,To Do,nucoin_level4,"=IMAGE(""https://raw.githubusercontent.com/zezorzan/zeroheight-integration-test/main/icon-previews-remaining/269-nucoin_level4.png"")",FALSE,FALSE,Products,,,"nucoin, level, loyalty"
270,To Do,heart_halo,"=IMAGE(""https://raw.githubusercontent.com/zezorzan/zeroheight-integration-test/main/icon-previews-remaining/270-heart_halo.png"")",FALSE,FALSE,Objects,,,"love, coração, insurance, seguro, death, coverage, angel"
271,To Do,nu_tag_ship,"=IMAGE(""https://raw.githubusercontent.com/zezorzan/zeroheight-integration-test/main/icon-previews-remaining/271-nu_tag_ship.png"")",FALSE,FALSE,Objects,,,"pedágio, toll, estacionamento, highway, rodovia, entrega, tracking, nutag"
272,To Do,card_collateral,"=IMAGE(""https://raw.githubusercontent.com/zezorzan/zeroheight-integration-test/main/icon-previews-remaining/272-card_collateral.png"")",FALSE,FALSE,Financial,,,"cartão, roxinho, vertical, dollar sign, money, currency"
273,To Do,sofa_bed,"=IMAGE(""https://raw.githubusercontent.com/zezorzan/zeroheight-integration-test/main/icon-previews-remaining/273-sofa_bed.png"")",FALSE,FALSE,Categories,,,"hotel, sleep, couch, convertible, furniture, single, bedroom, living, mattress"
274,To Do,nucoin_level3,"=IMAGE(""https://raw.githubusercontent.com/zezorzan/zeroheight-integration-test/main/icon-previews-remaining/274-nucoin_level3.png"")",FALSE,FALSE,Products,,,"nucoin, level, loyalty"
275,To Do,global_virtual_card,"=IMAGE(""https://raw.githubusercontent.com/zezorzan/zeroheight-integration-test/main/icon-previews-remaining/275-global_virtual_card.png"")",FALSE,FALSE,Financial,,,"cartão, roxinho, global, vertical, virtual"
276,To Do,hearts,"=IMAGE(""https://raw.githubusercontent.com/zezorzan/zeroheight-integration-test/main/icon-previews-remaining/276-hearts.png"")",FALSE,FALSE,Objects,,,"favorite, favourite, love, like, vidas juntas, coração, insurance, seguro"
277,To Do,uv_logo,"=IMAGE(""https://raw.githubusercontent.com/zezorzan/zeroheight-integration-test/main/icon-previews-remaining/277-uv_logo.png"")",FALSE,FALSE,Logos,,,"logo, uv, ultravioleta"
278,To Do,money_shield,"=IMAGE(""https://raw.githubusercontent.com/zezorzan/zeroheight-integration-test/main/icon-previews-remaining/278-money_shield.png"")",FALSE,FALSE,Objects,,,"cdb, fixed income, money protection, security, trustworthy, renda fixa, fgc"
279,To Do,rocket,"=IMAGE(""https://raw.githubusercontent.com/zezorzan/zeroheight-integration-test/main/icon-previews-remaining/279-rocket.png"")",FALSE,FALSE,Objects,,,"rocket, turbo, boosted"
280,To Do,board_games,"=IMAGE(""https://raw.githubusercontent.com/zezorzan/zeroheight-integration-test/main/icon-previews-remaining/280-board_games.png"")",FALSE,FALSE,Categories,,,"play, dice, leisure, hobby, dado"
281,To Do,suitcase,"=IMAGE(""https://raw.githubusercontent.com/zezorzan/zeroheight-integration-test/main/icon-previews-remaining/281-suitcase.png"")",FALSE,FALSE,Categories,,,"luggage, bagagem, equipaje, maleta, turismo, mala, bolsa"
282,To Do,sentiment_neutral,"=IMAGE(""https://raw.githubusercontent.com/zezorzan/zeroheight-integration-test/main/icon-previews-remaining/282-sentiment_neutral.png"")",FALSE,FALSE,Actions,,,"emoji, smiley, emotion, face, bored, meh, ok, poker"
283,To Do,bar_code_share,"=IMAGE(""https://raw.githubusercontent.com/zezorzan/zeroheight-integration-test/main/icon-previews-remaining/283-bar_code_share.png"")",FALSE,FALSE,Financial,,,"barcode, share, boleto, DDA, compartilhar, shared, contact, payment, pagamento, compartilhado, user, person"
284,To Do,shower,"=IMAGE(""https://raw.githubusercontent.com/zezorzan/zeroheight-integration-test/main/icon-previews-remaining/284-shower.png"")",FALSE,FALSE,Categories,,,"bath, banho, ducha, regadera, higienização, clean, water, água"
285,To Do,cars_shield,"=IMAGE(""https://raw.githubusercontent.com/zezorzan/zeroheight-integration-test/main/icon-previews-remaining/285-cars_shield.png"")",FALSE,FALSE,Objects,,,"transport, vehicle, short, safe, safety, protection, security, trustworthy, badge, insurance"
286,To Do,atm_services,"=IMAGE(""https://raw.githubusercontent.com/zezorzan/zeroheight-integration-test/main/icon-previews-remaining/286-atm_services.png"")",FALSE,FALSE,Financial,,,
287,To Do,shared_virtual_card,"=IMAGE(""https://raw.githubusercontent.com/zezorzan/zeroheight-integration-test/main/icon-previews-remaining/287-shared_virtual_card.png"")",FALSE,FALSE,Financial,,,"cartão, roxinho, vertical, virtual, dotted, user, shared"
288,To Do,refrigerator,"=IMAGE(""https://raw.githubusercontent.com/zezorzan/zeroheight-integration-test/main/icon-previews-remaining/288-refrigerator.png"")",FALSE,FALSE,Categories,,,"fridge, kitchen, appliance, cool"
289,To Do,stethoscope,"=IMAGE(""https://raw.githubusercontent.com/zezorzan/zeroheight-integration-test/main/icon-previews-remaining/289-stethoscope.png"")",FALSE,FALSE,Objects,,,"health, insurance, doctor, heart, tool, stethoscope"
290,To Do,bbq,"=IMAGE(""https://raw.githubusercontent.com/zezorzan/zeroheight-integration-test/main/icon-previews-remaining/290-bbq.png"")",FALSE,FALSE,Categories,,,"food, meat, grill, barbecue, cooking, outdoor, party"
291,To Do,wifi,"=IMAGE(""https://raw.githubusercontent.com/zezorzan/zeroheight-integration-test/main/icon-previews-remaining/291-wifi.png"")",FALSE,FALSE,Categories,,,"internet, connect, connectivity, signal"
292,To Do,coin,"=IMAGE(""https://raw.githubusercontent.com/zezorzan/zeroheight-integration-test/main/icon-previews-remaining/292-coin.png"")",FALSE,FALSE,Financial,,,"coin, change, roundup, spare"
293,To Do,expand,"=IMAGE(""https://raw.githubusercontent.com/zezorzan/zeroheight-integration-test/main/icon-previews-remaining/293-expand.png"")",FALSE,FALSE,UI Actions,,,
294,To Do,user_outside,"=IMAGE(""https://raw.githubusercontent.com/zezorzan/zeroheight-integration-test/main/icon-previews-remaining/294-user_outside.png"")",FALSE,FALSE,Objects,,,"modo rua, house, home, person"
295,To Do,play_circle,"=IMAGE(""https://raw.githubusercontent.com/zezorzan/zeroheight-integration-test/main/icon-previews-remaining/295-play_circle.png"")",FALSE,FALSE,Actions,,,"start, being, video, go, run"
296,To Do,flower,"=IMAGE(""https://raw.githubusercontent.com/zezorzan/zeroheight-integration-test/main/icon-previews-remaining/296-flower.png"")",FALSE,FALSE,Objects,,,"insurance, coverage, death, funeral, gratitude, garden, gratidão, flor"
297,To Do,book,"=IMAGE(""https://raw.githubusercontent.com/zezorzan/zeroheight-integration-test/main/icon-previews-remaining/297-book.png"")",FALSE,FALSE,Objects,,,"notebook, terms, help, manual, bible"
298,To Do,fire,"=IMAGE(""https://raw.githubusercontent.com/zezorzan/zeroheight-integration-test/main/icon-previews-remaining/298-fire.png"")",FALSE,FALSE,Objects,,,"insurance, coverage, elements, fire, burning"
299,To Do,more_vertical,"=IMAGE(""https://raw.githubusercontent.com/zezorzan/zeroheight-integration-test/main/icon-previews-remaining/299-more_vertical.png"")",FALSE,FALSE,UI Actions,,,"kebab, meatballs, options, menu, ellipsis, other, extra, churrasquinho, espetinho"
300,To Do,fire_extinguisher,"=IMAGE(""https://raw.githubusercontent.com/zezorzan/zeroheight-integration-test/main/icon-previews-remaining/300-fire_extinguisher.png"")",FALSE,FALSE,Categories,,,"fire, fighter, safety, protection, emergency"
301,To Do,libras,"=IMAGE(""https://raw.githubusercontent.com/zezorzan/zeroheight-integration-test/main/icon-previews-remaining/301-libras.png"")",FALSE,FALSE,Human,,,"accessibility, a11y, sign, language, hands"
302,To Do,card_blocked,"=IMAGE(""https://raw.githubusercontent.com/zezorzan/zeroheight-integration-test/main/icon-previews-remaining/302-card_blocked.png"")",FALSE,FALSE,Financial,,,"cartão, roxinho, vertical, lock, blocked, secure, safe, protect, safety"
303,To Do,volume_up,"=IMAGE(""https://raw.githubusercontent.com/zezorzan/zeroheight-integration-test/main/icon-previews-remaining/303-volume_up.png"")",FALSE,FALSE,System,,,"speaker, sound, audio, megaphone"
304,To Do,shield_phone,"=IMAGE(""https://raw.githubusercontent.com/zezorzan/zeroheight-integration-test/main/icon-previews-remaining/304-shield_phone.png"")",FALSE,FALSE,Objects,,,"safe, safety, protection, security, trustworthy, badge, phone, live, call, incoming, shield"
305,To Do,eye_sparkle,"=IMAGE(""https://raw.githubusercontent.com/zezorzan/zeroheight-integration-test/main/icon-previews-remaining/305-eye_sparkle.png"")",FALSE,FALSE,Actions,,,"accessibility, eye, open, show"
306,To Do,card_transfer,"=IMAGE(""https://raw.githubusercontent.com/zezorzan/zeroheight-integration-test/main/icon-previews-remaining/306-card_transfer.png"")",FALSE,FALSE,Financial,,,"card, transfer, pix, vertical, roxinho"
307,To Do,double_bed,"=IMAGE(""https://raw.githubusercontent.com/zezorzan/zeroheight-integration-test/main/icon-previews-remaining/307-double_bed.png"")",FALSE,FALSE,Categories,,,"hotel, sleep, furniture, bedroom, mattress, couple"
308,To Do,volume_off,"=IMAGE(""https://raw.githubusercontent.com/zezorzan/zeroheight-integration-test/main/icon-previews-remaining/308-volume_off.png"")",FALSE,FALSE,System,,,"muted, mute, sound, speaker, voice, silent, silence"
309,To Do,taxi_car,"=IMAGE(""https://raw.githubusercontent.com/zezorzan/zeroheight-integration-test/main/icon-previews-remaining/309-taxi_car.png"")",FALSE,FALSE,Categories,,,"transport, vehicle, short"
310,To Do,bre_b,"=IMAGE(""https://raw.githubusercontent.com/zezorzan/zeroheight-integration-test/main/icon-previews-remaining/310-bre_b.png"")",FALSE,FALSE,Logos,,,"transfer, logo, instant, Colombia, breb"
311,To Do,play,"=IMAGE(""https://raw.githubusercontent.com/zezorzan/zeroheight-integration-test/main/icon-previews-remaining/311-play.png"")",FALSE,FALSE,Actions,,,"start, being, video, go, run"
312,To Do,pig,"=IMAGE(""https://raw.githubusercontent.com/zezorzan/zeroheight-integration-test/main/icon-previews-remaining/312-pig.png"")",FALSE,FALSE,Products,,,"savings, save, money, piggy bank"
313,To Do,remove_circle,"=IMAGE(""https://raw.githubusercontent.com/zezorzan/zeroheight-integration-test/main/icon-previews-remaining/313-remove_circle.png"")",FALSE,FALSE,Actions,,,"dash, minus, less"
314,To Do,towel,"=IMAGE(""https://raw.githubusercontent.com/zezorzan/zeroheight-integration-test/main/icon-previews-remaining/314-towel.png"")",FALSE,FALSE,Categories,,,"bath, bathroom, fabric, hygiene, hotel"
315,To Do,email_add,"=IMAGE(""https://raw.githubusercontent.com/zezorzan/zeroheight-integration-test/main/icon-previews-remaining/315-email_add.png"")",FALSE,FALSE,Actions,,,"message, letter, invitation, invite, plus, create, more, include, new"
316,To Do,robot,"=IMAGE(""https://raw.githubusercontent.com/zezorzan/zeroheight-integration-test/main/icon-previews-remaining/316-robot.png"")",FALSE,FALSE,Objects,,,
317,To Do,foot_circles,"=IMAGE(""https://raw.githubusercontent.com/zezorzan/zeroheight-integration-test/main/icon-previews-remaining/317-foot_circles.png"")",FALSE,FALSE,Objects,,,"foot, circle, skin, feet"
318,To Do,taj_mahal,"=IMAGE(""https://raw.githubusercontent.com/zezorzan/zeroheight-integration-test/main/icon-previews-remaining/318-taj_mahal.png"")",FALSE,FALSE,Categories,,,"india, índia, patrimonio, arquitectura, cultura, monumento, templo, espiritualidade"
319,To Do,ping_pong,"=IMAGE(""https://raw.githubusercontent.com/zezorzan/zeroheight-integration-test/main/icon-previews-remaining/319-ping_pong.png"")",FALSE,FALSE,Categories,,,"racket, play, fun, leisure, sports, ball"
320,To Do,washing_machine,"=IMAGE(""https://raw.githubusercontent.com/zezorzan/zeroheight-integration-test/main/icon-previews-remaining/320-washing_machine.png"")",FALSE,FALSE,Categories,,,"clothes, wash, laundry, appliance, cleaning"
321,To Do,whatsapp,"=IMAGE(""https://raw.githubusercontent.com/zezorzan/zeroheight-integration-test/main/icon-previews-remaining/321-whatsapp.png"")",FALSE,FALSE,Social,,,"network, social media, message, messaging, fb, meta, chat"
322,To Do,ev_charger,"=IMAGE(""https://raw.githubusercontent.com/zezorzan/zeroheight-integration-test/main/icon-previews-remaining/322-ev_charger.png"")",FALSE,FALSE,Categories,,,"electric, vehicle, charging, station, car"
323,To Do,gift_cards,"=IMAGE(""https://raw.githubusercontent.com/zezorzan/zeroheight-integration-test/main/icon-previews-remaining/323-gift_cards.png"")",FALSE,FALSE,Objects,,,"card, cartão, gift, present, surprise, bonus, bow"
324,To Do,shield_warning,"=IMAGE(""https://raw.githubusercontent.com/zezorzan/zeroheight-integration-test/main/icon-previews-remaining/324-shield_warning.png"")",FALSE,FALSE,Objects,,,"Exclamation, protection, alert, important, attention, unsafe"
325,To Do,stretching,"=IMAGE(""https://raw.githubusercontent.com/zezorzan/zeroheight-integration-test/main/icon-previews-remaining/325-stretching.png"")",FALSE,FALSE,Categories,,,"exercise, exercício, ejercicio, flexibilidad, postura, alongamento, health"
326,To Do,cpf,"=IMAGE(""https://raw.githubusercontent.com/zezorzan/zeroheight-integration-test/main/icon-previews-remaining/326-cpf.png"")",FALSE,FALSE,Objects,,,"id, tag, document, info, profile"
327,To Do,horizontal_virtual_card,"=IMAGE(""https://raw.githubusercontent.com/zezorzan/zeroheight-integration-test/main/icon-previews-remaining/327-horizontal_virtual_card.png"")",FALSE,FALSE,Financial,,,"cartão, roxinho, moradita, tarjeta, virtual, dotted"
328,To Do,bike,"=IMAGE(""https://raw.githubusercontent.com/zezorzan/zeroheight-integration-test/main/icon-previews-remaining/328-bike.png"")",FALSE,FALSE,Categories,,,"cycling, bicicleta, bici, transporte, movilidad"
329,To Do,curative,"=IMAGE(""https://raw.githubusercontent.com/zezorzan/zeroheight-integration-test/main/icon-previews-remaining/329-curative.png"")",FALSE,FALSE,Objects,,,"health, insurance, care, hurt, bruised, tool, curative"
330,To Do,eiffel_tower,"=IMAGE(""https://raw.githubusercontent.com/zezorzan/zeroheight-integration-test/main/icon-previews-remaining/330-eiffel_tower.png"")",FALSE,FALSE,Categories,,,"france, frança, francia, paris, arquitectura, monumento"
331,To Do,car_glass_spark,"=IMAGE(""https://raw.githubusercontent.com/zezorzan/zeroheight-integration-test/main/icon-previews-remaining/331-car_glass_spark.png"")",FALSE,FALSE,Objects,,,"transport, vehicle, short, door, clean, new, porta"
332,To Do,card_receveid,"=IMAGE(""https://raw.githubusercontent.com/zezorzan/zeroheight-integration-test/main/icon-previews-remaining/332-card_receveid.png"")",FALSE,FALSE,Financial,,,"additional card, card received, owner, holder, hand"
333,To Do,laptop,"=IMAGE(""https://raw.githubusercontent.com/zezorzan/zeroheight-integration-test/main/icon-previews-remaining/333-laptop.png"")",FALSE,FALSE,Categories,,,"work, trabalho, trabajo, portátil, oficina, pc, computer"
334,To Do,shapes_box,"=IMAGE(""https://raw.githubusercontent.com/zezorzan/zeroheight-integration-test/main/icon-previews-remaining/334-shapes_box.png"")",FALSE,FALSE,Objects,,,"triangle, square, circle, geometric, items, stuff, etfs, etf, equities, equity"
335,To Do,restaurant,"=IMAGE(""https://raw.githubusercontent.com/zezorzan/zeroheight-integration-test/main/icon-previews-remaining/335-restaurant.png"")",FALSE,FALSE,Categories,,,"food, bowl, meal, hashi, chopsticks, tigela"
336,To Do,car_shield,"=IMAGE(""https://raw.githubusercontent.com/zezorzan/zeroheight-integration-test/main/icon-previews-remaining/336-car_shield.png"")",FALSE,FALSE,Objects,,,"transport, vehicle, short, safe, safety, protection, security, trustworthy, badge, insurance"
337,To Do,twitter,"=IMAGE(""https://raw.githubusercontent.com/zezorzan/zeroheight-integration-test/main/icon-previews-remaining/337-twitter.png"")",FALSE,FALSE,Social,,,"network, social media, tweet"
338,To Do,international_transfer,"=IMAGE(""https://raw.githubusercontent.com/zezorzan/zeroheight-integration-test/main/icon-previews-remaining/338-international_transfer.png"")",FALSE,FALSE,Financial,,,"globe, global, network, arrow, up, out, outcome"
339,To Do,co2_alarm,"=IMAGE(""https://raw.githubusercontent.com/zezorzan/zeroheight-integration-test/main/icon-previews-remaining/339-co2_alarm.png"")",FALSE,FALSE,Categories,,,"fire, smoke, detector, carbon, monoxide, safety, security"
340,To Do,square,"=IMAGE(""https://raw.githubusercontent.com/zezorzan/zeroheight-integration-test/main/icon-previews-remaining/340-square.png"")",FALSE,FALSE,Actions,,,"stop, shape"
341,To Do,horizontal_card,"=IMAGE(""https://raw.githubusercontent.com/zezorzan/zeroheight-integration-test/main/icon-previews-remaining/341-horizontal_card.png"")",FALSE,FALSE,Financial,,,"cartão, roxinho, moradita, tarjeta"
342,To Do,smartphone_lock,"=IMAGE(""https://raw.githubusercontent.com/zezorzan/zeroheight-integration-test/main/icon-previews-remaining/342-smartphone_lock.png"")",FALSE,FALSE,Objects,,,"device, mobile, celular, lock, blocked, cadeado, safe, secure, security, safety"
343,To Do,interest,"=IMAGE(""https://raw.githubusercontent.com/zezorzan/zeroheight-integration-test/main/icon-previews-remaining/343-interest.png"")",FALSE,FALSE,Financial,,,"percentage, math"
344,To Do,nu_logo,"=IMAGE(""https://raw.githubusercontent.com/zezorzan/zeroheight-integration-test/main/icon-previews-remaining/344-nu_logo.png"")",FALSE,FALSE,Logos,,,"nubank, logotype, logomark, brand, logomarca, logotipo"
345,To Do,shop_search,"=IMAGE(""https://raw.githubusercontent.com/zezorzan/zeroheight-integration-test/main/icon-previews-remaining/345-shop_search.png"")",FALSE,FALSE,Products,,,"nupay, shop, search, bag"
346,To Do,bitcoin,"=IMAGE(""https://raw.githubusercontent.com/zezorzan/zeroheight-integration-test/main/icon-previews-remaining/346-bitcoin.png"")",FALSE,FALSE,Products,,,"bitcoin, crypto, coin"
347,To Do,single_bed,"=IMAGE(""https://raw.githubusercontent.com/zezorzan/zeroheight-integration-test/main/icon-previews-remaining/347-single_bed.png"")",FALSE,FALSE,Categories,,,"hotel, sleep, furniture, bedroom, mattress"
348,To Do,close_mini,"=IMAGE(""https://raw.githubusercontent.com/zezorzan/zeroheight-integration-test/main/icon-previews-remaining/348-close_mini.png"")",FALSE,FALSE,UI Actions,,,"x, cerrar, fechar, cancel"
349,To Do,half_dotted_circle,"=IMAGE(""https://raw.githubusercontent.com/zezorzan/zeroheight-integration-test/main/icon-previews-remaining/349-half_dotted_circle.png"")",FALSE,FALSE,Actions,,,"pending, task, requirement, validation, in progress, empty"
350,To Do,face_scan,"=IMAGE(""https://raw.githubusercontent.com/zezorzan/zeroheight-integration-test/main/icon-previews-remaining/350-face_scan.png"")",FALSE,FALSE,Human,,,"biometry, authentication, face, scan, recognition"
